id_detalle,id_orden,id_producto,cantidad,subtotal,precio_unitario
1,64,960,1,76.47,76.47
2,499,1205,55,2900.7000000000003,52.74
3,713,559,46,3130.3,68.05
4,1493,1390,57,2590.65,45.45
5,807,173,87,7675.14,88.22
6,682,1002,11,760.43,69.13
7,1090,497,70,3913.7,55.91
8,690,602,64,4581.12,71.58
9,594,797,6,286.38,47.73
10,1189,1295,76,3314.36,43.61
11,835,409,49,1566.04,31.96
12,970,1205,34,3351.38,98.57000000000001
13,1064,615,6,541.8,90.3
14,1293,364,89,3324.15,37.35
15,1325,1054,77,7672.28,99.64
16,630,1106,35,1722.35,49.21
17,1447,388,65,5289.7,81.38
18,313,1476,78,4001.4,51.300000000000004
19,1190,23,12,726.0,60.5
20,180,839,5,252.65,50.53
21,632,1116,46,4505.7,97.95
22,383,358,36,2243.88,62.330000000000005
23,206,1077,81,2678.67,33.07
24,803,1056,32,2231.04,69.72
25,787,544,13,550.68,42.36
26,764,1275,50,1510.0,30.2
27,796,52,84,8294.16,98.74
28,753,128,58,5206.66,89.77
29,845,115,49,2141.79,43.71
30,1455,1320,16,942.08,58.88
31,1473,1446,68,2671.04,39.28
32,1210,1006,59,1885.64,31.96
33,1175,1083,94,2953.48,31.42
34,312,1230,77,3641.33,47.29
35,1223,1372,7,664.51,94.92999999999999
36,300,1337,86,8558.72,99.52
37,127,1182,81,3911.49,48.29
38,24,55,46,4176.8,90.8
39,138,814,30,903.9,30.13
40,932,578,17,778.26,45.78
41,772,769,90,5183.1,57.59
42,944,1019,22,1898.38,86.29
43,1120,175,77,2697.31,35.03
44,444,941,93,3303.36,35.52
45,946,1313,92,8349.92,90.76
46,870,62,67,3396.23,50.69
47,735,1211,54,3406.86,63.09
48,1250,203,18,1729.44,96.08
49,74,8,35,1385.3,39.58
50,772,845,27,1794.69,66.47
51,656,941,53,4221.98,79.66
52,230,1406,75,5460.0,72.8
53,46,58,31,1216.13,39.230000000000004
54,464,1082,40,2133.2,53.33
55,1278,1233,4,369.12,92.28
56,750,199,70,5724.6,81.78
57,946,754,98,4602.08,46.96
58,144,1420,99,5966.7300000000005,60.27
59,573,134,27,1213.65,44.95
60,1280,797,96,8315.52,86.62
61,889,719,68,2497.64,36.73
62,735,680,34,1267.86,37.29
63,758,1064,46,4540.2,98.7
64,1486,548,6,210.0,35.0
65,63,49,93,6305.4,67.8
66,584,372,69,5047.35,73.15
67,481,1039,59,3876.3,65.7
68,1380,436,59,5807.96,98.44
69,662,91,46,2411.32,52.42
70,153,1335,42,1721.16,40.980000000000004
71,82,806,29,1059.37,36.529999999999994
72,621,916,96,9250.56,96.36
73,842,666,95,6238.650000000001,65.67
74,828,1035,12,549.0,45.75
75,138,723,39,3565.7700000000004,91.43
76,577,1259,92,7699.48,83.69
77,1412,1345,49,2294.67,46.83
78,1335,1075,55,3149.3,57.260000000000005
79,1153,503,67,5996.5,89.5
80,858,1177,70,4949.7,70.71
81,28,1104,30,1607.1,53.57
82,1418,862,57,4973.25,87.25
83,632,1384,97,5622.12,57.96
84,1294,1053,81,4198.23,51.82999999999999
85,1158,265,27,1495.8,55.4
86,466,406,78,6531.719999999999,83.74
87,72,1115,55,1806.2000000000005,32.84000000000001
88,1228,1304,88,3071.2,34.9
89,1443,1038,35,1422.0500000000002,40.63
90,1500,1284,92,3086.6,33.55
91,1020,1249,65,2657.85,40.89
92,1198,1008,64,3974.4,62.1
93,7,479,35,1502.55,42.93
94,647,643,69,4491.9,65.1
95,1474,1104,41,2309.12,56.32
96,728,1364,58,3518.86,60.67
97,926,467,27,1822.23,67.49
98,150,593,63,3862.53,61.31
99,1371,293,22,1609.52,73.16
100,647,224,29,2278.53,78.57000000000001
101,270,415,46,3732.9,81.15
102,947,309,84,5364.24,63.86
103,889,422,9,628.83,69.87
104,520,210,7,274.19,39.17
105,821,166,35,3107.3,88.78
106,1369,674,77,5657.19,73.47
107,351,1319,74,5433.820000000001,73.43
108,328,135,63,4403.07,69.89
109,524,1318,92,7795.160000000001,84.73
110,132,1337,93,4897.38,52.660000000000004
111,1385,809,38,1468.7,38.65
112,107,893,78,5061.42,64.89
113,636,714,86,3525.1400000000003,40.99
114,693,1392,84,5234.88,62.32
115,624,488,18,638.82,35.49
116,1037,1138,34,3369.4,99.10000000000001
117,710,1425,59,2412.51,40.89
118,924,1223,25,1804.75,72.19
119,98,1067,53,3111.63,58.71
120,957,328,8,536.24,67.03
121,549,376,22,1284.58,58.38999999999999
122,1331,1429,36,2126.16,59.059999999999995
123,1257,636,71,2600.73,36.63
124,614,1361,72,2424.24,33.669999999999995
125,713,993,13,513.76,39.519999999999996
126,218,226,32,1095.68,34.24
127,865,1202,40,3417.2000000000003,85.43
128,231,172,53,4066.69,76.73
129,1016,1457,8,643.36,80.42
130,1201,33,55,4253.7,77.34
131,285,989,35,2658.95,75.97
132,877,622,21,1137.36,54.16
133,647,428,94,7358.32,78.28
134,1205,1185,27,1426.68,52.84
135,1283,1482,69,5522.76,80.04
136,724,783,62,3070.86,49.53
137,112,495,3,138.63,46.21
138,1246,942,88,4488.88,51.01
139,1040,1364,33,3104.31,94.07
140,326,31,22,879.12,39.96
141,955,1382,2,97.7,48.85
142,1072,727,12,434.64,36.22
143,176,279,94,3852.12,40.98
144,941,969,12,620.28,51.69
145,1459,943,43,2395.96,55.72
146,731,230,60,2064.0,34.4
147,765,1091,31,1944.63,62.730000000000004
148,49,1194,44,2621.08,59.57
149,359,726,80,4980.8,62.260000000000005
150,1368,982,96,9527.04,99.24000000000001
151,1376,633,5,329.79999999999995,65.96
152,746,583,4,284.32,71.08
153,947,1483,48,2223.36,46.32
154,1094,1217,30,2244.0,74.8
155,565,1116,43,4035.98,93.86
156,257,1333,73,4367.59,59.830000000000005
157,888,290,74,4866.98,65.77
158,528,66,5,253.35,50.67
159,1074,165,23,1433.13,62.31
160,676,1319,7,467.39,66.77
161,1396,796,13,760.63,58.51
162,248,764,62,3829.74,61.769999999999996
163,1246,1217,18,610.5600000000001,33.92
164,1262,181,19,1859.72,97.88
165,880,881,97,4874.25,50.25
166,972,285,20,650.8,32.54
167,884,970,1,99.03,99.03
168,411,987,13,1163.24,89.48
169,419,742,43,3295.09,76.63000000000001
170,933,599,47,3864.34,82.22
171,694,387,15,1282.2,85.48
172,1090,841,93,3342.42,35.94
173,517,1456,29,1642.56,56.64
174,281,936,55,3483.15,63.33
175,1007,1500,2,83.3,41.65
176,1050,320,73,5977.24,81.88
177,100,1268,27,1217.97,45.11
178,564,42,92,6509.92,70.76
179,856,1107,71,2504.88,35.28
180,823,1247,77,7357.349999999999,95.55
181,1346,1135,64,5531.52,86.43
182,594,881,75,3469.5,46.26
183,1144,132,41,2151.68,52.48
184,958,155,11,548.6800000000001,49.88
185,118,941,30,1287.6,42.919999999999995
186,963,830,86,8378.980000000001,97.43000000000002
187,43,1142,8,526.56,65.82
188,721,528,86,7282.48,84.67999999999999
189,628,118,81,4206.33,51.93
190,1053,220,28,840.56,30.02
191,569,1090,25,1197.5,47.9
192,178,593,47,1434.44,30.52
193,1476,1363,96,3876.480000000001,40.38000000000001
194,1227,576,67,3224.04,48.12
195,1408,71,90,6043.500000000001,67.15
196,920,1129,22,1301.08,59.13999999999999
197,688,1205,39,2770.17,71.03
198,624,1070,19,1412.46,74.34
199,569,760,89,8629.439999999999,96.95999999999998
200,977,560,70,2154.6,30.779999999999998
201,723,1,31,1325.56,42.76
202,1418,5,98,4610.9,47.05
203,220,679,13,1219.01,93.77
204,814,271,87,7103.55,81.65
205,277,377,44,4042.72,91.88
206,327,1318,78,4268.16,54.72
207,262,512,77,3568.1800000000003,46.34
208,1458,162,86,5291.58,61.53
209,357,734,50,1653.5,33.07
210,930,1018,12,758.88,63.24
211,650,1391,37,2005.03,54.19
212,1032,508,30,1744.2,58.14
213,1339,833,82,4471.46,54.53
214,239,1258,35,1205.05,34.43
215,278,860,2,80.04,40.02
216,1010,1041,98,3300.64,33.68
217,210,494,23,1548.36,67.32
218,1231,741,16,1170.72,73.17
219,1479,676,5,313.75,62.75
220,48,1213,11,1025.53,93.23
221,1012,1496,10,620.0,62.0
222,338,1002,33,2721.51,82.47000000000001
223,336,538,30,2820.3,94.01
224,1231,16,34,1205.3000000000002,35.45
225,1143,991,57,4027.62,70.66
226,963,1110,8,414.08,51.76
227,1082,965,57,5053.62,88.66
228,743,798,91,7195.369999999999,79.07
229,910,844,88,8322.16,94.57
230,1289,1296,67,6480.24,96.72
231,44,351,15,1240.5,82.7
232,1354,161,45,3412.8,75.84
233,375,1084,90,6165.900000000001,68.51
234,88,1125,26,1445.08,55.58
235,589,1217,80,2866.4,35.83
236,203,748,68,3394.56,49.92
237,1003,917,54,3242.7,60.05
238,995,487,41,1928.23,47.03
239,772,50,59,4417.33,74.87
240,530,1065,89,8670.380000000001,97.42000000000002
241,662,1047,34,3308.88,97.32000000000001
242,80,242,24,2231.04,92.96
243,358,122,1,78.59,78.59
244,333,1466,15,772.8000000000001,51.52
245,167,1302,55,1921.15,34.93
246,672,464,10,658.6,65.86
247,489,264,75,5208.75,69.45
248,74,1478,43,3189.74,74.17999999999999
249,1039,502,69,3386.52,49.08
250,882,297,93,4633.26,49.82
251,850,1066,57,1967.64,34.52
252,909,1368,39,1595.1,40.9
253,1121,811,34,3376.54,99.31
254,1082,679,17,940.1,55.300000000000004
255,762,74,94,4183.0,44.5
256,252,789,80,3485.6,43.57
257,1128,1266,47,3390.11,72.13000000000001
258,907,1462,40,1855.6,46.39
259,329,814,26,1021.54,39.29
260,73,1025,92,7578.040000000001,82.37
261,165,712,97,9000.630000000001,92.79
262,749,1224,81,5656.23,69.83
263,14,111,51,4229.94,82.94
264,549,977,86,7965.320000000001,92.62
265,90,563,61,3349.51,54.910000000000004
266,735,229,29,1119.4,38.6
267,485,34,12,1057.56,88.13
268,618,255,1,99.08,99.08
269,7,100,78,6332.040000000001,81.18
270,470,1096,73,7030.63,96.31
271,334,395,8,459.12,57.39
272,4,440,88,5874.0,66.75
273,645,364,70,2178.4,31.12
274,33,201,61,1904.42,31.220000000000002
275,511,1044,11,854.48,77.68
276,991,811,70,3031.0,43.3
277,11,1285,33,1230.57,37.29
278,1096,601,90,6038.1,67.09
279,511,320,65,2442.05,37.57
280,1401,560,43,1357.08,31.56
281,584,715,14,1132.74,80.91
282,41,812,96,6093.12,63.47
283,118,572,64,4247.68,66.37
284,511,976,19,1492.45,78.55
285,1191,138,49,1787.03,36.47
286,1088,241,19,801.23,42.17
287,1185,513,61,4879.389999999999,79.99
288,777,1450,55,2155.45,39.19
289,1195,963,5,199.0,39.8
290,1462,820,13,1121.9,86.30000000000001
291,1017,829,16,912.8,57.05
292,1454,1146,62,3742.94,60.37
293,524,19,26,1621.88,62.38
294,1393,1149,33,1948.32,59.04
295,889,1077,88,4781.04,54.33
296,327,732,50,3657.0,73.14
297,643,913,18,842.58,46.81
298,1030,370,54,1912.68,35.42
299,963,378,76,6653.040000000001,87.54
300,227,252,15,1250.5500000000002,83.37000000000002
301,665,550,50,1603.0,32.06
302,762,129,87,2737.89,31.47
303,1191,1489,98,9798.04,99.98
304,467,233,42,3518.76,83.78
305,146,1189,9,756.0,84.0
306,19,392,88,8637.2,98.15
307,662,1308,53,5165.91,97.47
308,1230,384,70,4238.5,60.55
309,436,493,69,2412.24,34.959999999999994
310,1036,1371,24,1178.88,49.120000000000005
311,961,1415,77,3631.32,47.160000000000004
312,645,1072,55,3538.7000000000003,64.34
313,793,422,61,3900.34,63.940000000000005
314,302,1357,13,603.85,46.45
315,81,411,56,2476.88,44.230000000000004
316,977,1202,20,1622.6,81.13
317,66,371,38,2131.04,56.08
318,1005,226,38,3719.44,97.88
319,696,1292,99,6045.93,61.07
320,829,621,8,257.44,32.18
321,1126,1427,11,1065.9,96.9
322,1026,746,65,5358.599999999999,82.44
323,921,321,20,1842.6,92.13
324,1041,1139,53,3392.53,64.01
325,953,957,78,3415.62,43.79
326,867,1223,87,4107.27,47.21000000000001
327,780,600,79,7486.83,94.77
328,124,68,49,4054.26,82.74000000000001
329,1365,757,24,1378.56,57.44
330,284,261,96,3467.5199999999995,36.12
331,706,878,67,5931.51,88.53
332,302,926,20,762.0,38.1
333,366,1446,75,6657.75,88.77
334,150,165,78,6024.719999999999,77.24
335,1473,640,66,3402.96,51.56
336,854,394,94,3488.34,37.11
337,1331,1186,58,3357.04,57.88
338,1259,1108,83,6443.29,77.63
339,1088,1000,71,6694.59,94.29
340,1128,151,88,6502.32,73.89
341,1352,1108,13,683.28,52.559999999999995
342,1076,490,74,6281.86,84.89
343,1194,1357,20,793.1999999999999,39.66
344,1018,860,12,794.04,66.17
345,67,586,22,1803.34,81.97
346,1114,908,53,3769.36,71.12
347,1036,1011,51,3776.04,74.04
348,851,975,74,6925.66,93.59
349,33,442,47,1549.12,32.96
350,1437,1067,58,2181.38,37.61
351,182,438,30,2338.2,77.94
352,1043,539,96,7565.76,78.81
353,22,1500,94,5484.900000000001,58.35000000000001
354,211,1238,17,716.55,42.15
355,636,332,23,862.96,37.52
356,322,1140,4,285.64,71.41
357,768,1022,88,5307.280000000001,60.31000000000001
358,397,535,93,4643.49,49.93
359,1194,1142,80,7164.0,89.55
360,261,1479,3,229.14,76.38
361,47,1351,59,4503.47,76.33
362,463,817,99,7500.240000000001,75.76
363,1431,79,27,912.87,33.81
364,1380,1372,41,1976.2,48.2
365,427,1369,35,1232.7,35.22
366,495,824,9,794.79,88.31
367,441,99,97,4874.25,50.25
368,1260,1321,46,1523.52,33.12
369,81,1299,91,5253.429999999999,57.72999999999999
370,136,129,32,2374.08,74.19
371,1211,209,49,4736.34,96.66
372,112,432,87,7332.36,84.28
373,926,292,56,2459.52,43.92
374,168,34,73,3174.77,43.49
375,1421,1058,5,433.7,86.74
376,915,361,70,3376.8,48.24
377,64,1156,86,6685.639999999999,77.74
378,1098,952,60,5344.2,89.07
379,365,169,96,5656.32,58.919999999999995
380,144,1062,76,4468.04,58.79
381,1304,999,86,6829.259999999999,79.41
382,744,243,12,450.96,37.58
383,1354,986,87,7404.57,85.11
384,401,587,73,5144.31,70.47
385,1446,1385,62,3872.52,62.46
386,540,493,77,4973.43,64.59
387,650,1141,16,1375.68,85.98
388,1240,50,97,2967.23,30.59
389,100,852,44,1361.36,30.939999999999998
390,892,586,43,2855.63,66.41
391,645,1003,38,3693.98,97.21
392,214,843,40,1837.2,45.93
393,460,315,6,186.48,31.08
394,831,795,8,588.64,73.58
395,996,1466,16,591.84,36.99
396,382,1328,21,1215.69,57.89
397,374,597,18,596.52,33.14
398,1411,92,81,6976.53,86.13
399,1251,1374,6,447.54,74.59
400,794,964,71,6572.469999999999,92.57
401,521,1275,48,1622.88,33.81
402,254,720,53,3235.12,61.04
403,225,846,18,850.32,47.24
404,1061,625,50,2514.5,50.29
405,931,413,34,1656.48,48.72
406,165,258,97,5312.6900000000005,54.77
407,1067,1170,30,1812.0,60.4
408,126,1132,30,2168.4,72.28
409,469,396,47,3823.45,81.35
410,335,537,77,4474.47,58.11000000000001
411,92,796,69,2497.8,36.2
412,712,1113,18,749.6999999999999,41.65
413,932,979,92,8848.560000000001,96.18000000000002
414,83,473,75,2274.75,30.33
415,522,85,10,909.2,90.92
416,1050,929,8,395.04,49.38
417,1408,812,46,3031.4,65.9
418,277,1169,90,7216.200000000001,80.18
419,1277,196,59,2593.05,43.95
420,1095,314,67,4612.95,68.85
421,64,54,2,74.36,37.18
422,158,1190,56,4034.24,72.03999999999999
423,960,253,86,4218.3,49.050000000000004
424,235,1008,45,3703.5,82.3
425,1114,1413,84,5333.16,63.489999999999995
426,1040,856,78,2494.44,31.98
427,1246,430,28,1542.8,55.1
428,687,1345,68,2647.92,38.94
429,173,1165,19,1228.54,64.66
430,1118,1393,42,1909.32,45.46
431,20,779,34,1464.04,43.06
432,238,1257,58,4410.9,76.05
433,847,1217,34,1271.26,37.39
434,1158,1181,94,3569.18,37.97
435,1275,1226,34,2989.96,87.94
436,1026,935,5,290.6,58.120000000000005
437,668,351,9,502.65,55.849999999999994
438,758,409,78,3399.24,43.58
439,362,1249,49,2371.11,48.39
440,361,273,74,4687.16,63.339999999999996
441,1167,316,40,3102.0,77.55
442,334,637,72,2887.2000000000003,40.1
443,1478,1166,17,922.08,54.24
444,1078,326,5,225.35,45.07
445,847,1297,41,3109.44,75.84
446,883,142,19,1694.04,89.16
447,926,253,8,284.0,35.5
448,480,374,4,348.72,87.18
449,1055,895,15,830.55,55.37
450,1291,1271,13,787.93,60.61
451,480,1385,88,3293.84,37.43
452,464,874,61,2262.49,37.089999999999996
453,273,1312,39,1494.87,38.33
454,1340,1391,31,2232.93,72.03
455,846,939,59,3710.51,62.89
456,1248,962,32,3184.0,99.5
457,1191,1195,82,2915.1,35.55
458,1456,902,2,132.7,66.35
459,261,1149,20,1201.4,60.07000000000001
460,1408,1365,58,3488.12,60.14
461,997,321,66,3649.14,55.29
462,1304,1167,17,630.7,37.1
463,516,327,89,5341.780000000001,60.02000000000001
464,262,451,39,1205.49,30.91
465,1009,490,42,2945.04,70.12
466,585,203,64,3059.84,47.81
467,1318,937,78,3623.88,46.46
468,902,346,49,3706.85,75.64999999999999
469,1031,1009,90,4216.5,46.85
470,171,855,18,603.72,33.54
471,1359,6,86,3737.56,43.46
472,1318,1305,42,1931.58,45.989999999999995
473,218,831,26,2374.06,91.31
474,82,845,85,5131.45,60.37
475,1460,940,52,2553.2000000000003,49.10000000000001
476,398,878,28,1633.8,58.35
477,582,1396,75,6474.75,86.33
478,436,138,76,4098.68,53.93000000000001
479,125,1416,34,3249.38,95.57000000000001
480,508,211,93,5820.87,62.589999999999996
481,888,1145,76,2543.72,33.47
482,986,1075,99,5492.52,55.480000000000004
483,485,57,17,1474.75,86.75
484,1473,1163,58,3108.8,53.6
485,221,159,13,911.17,70.09
486,317,865,62,1939.98,31.29
487,131,807,87,5300.04,60.92
488,517,386,7,385.77,55.11
489,1443,501,45,4131.9,91.82
490,978,145,32,2954.56,92.33
491,1081,1457,10,722.8,72.28
492,642,113,24,1962.96,81.79
493,1225,824,23,1723.85,74.95
494,1254,493,28,2251.76,80.42
495,866,1364,30,1140.6,38.019999999999996
496,290,7,99,6178.589999999999,62.40999999999999
497,254,465,12,938.76,78.23
498,294,1111,51,4089.18,80.17999999999999
499,672,741,65,4753.45,73.13
500,158,1029,31,1944.32,62.72
501,1363,903,88,8150.56,92.62
502,619,169,22,717.86,32.63
503,335,802,97,2999.24,30.919999999999998
504,272,512,85,4324.8,50.88
505,739,1083,13,825.76,63.519999999999996
506,107,1337,31,1628.43,52.53
507,22,536,98,4633.4400000000005,47.28000000000001
508,883,793,9,279.63,31.07
509,224,1152,69,2771.04,40.16
510,268,1025,13,1218.36,93.72
511,1078,798,21,1002.12,47.72
512,753,1420,64,5096.32,79.63
513,547,318,9,490.95,54.55
514,994,756,35,3162.25,90.35
515,1276,1155,53,4418.08,83.36
516,1205,649,46,4495.58,97.73
517,1298,995,83,2856.03,34.410000000000004
518,86,124,21,1754.9699999999998,83.57
519,527,689,78,7532.459999999999,96.57
520,753,1351,62,4273.04,68.92
521,1498,992,74,4533.24,61.26
522,357,1412,87,3332.1,38.3
523,9,1304,2,190.78,95.39
524,10,1128,68,3967.12,58.339999999999996
525,993,1499,86,2784.6800000000003,32.38
526,1426,38,11,818.4000000000001,74.4
527,815,955,7,576.31,82.33
528,805,1221,45,1561.05,34.69
529,1164,1064,37,1273.54,34.42
530,290,285,66,2918.52,44.22
531,526,1303,48,3991.68,83.16
532,803,74,97,6273.960000000001,64.68
533,1313,140,21,1185.66,56.46
534,121,636,72,5835.599999999999,81.05
535,1059,321,20,1414.6,70.72999999999999
536,768,861,25,1545.25,61.81
537,1197,1307,44,2835.36,64.44
538,569,753,38,2141.3,56.35
539,504,1080,24,2247.36,93.64
540,770,1057,60,5616.0,93.6
541,1045,433,41,3116.4100000000003,76.01
542,762,1423,12,532.8,44.4
543,453,450,90,8403.300000000001,93.37000000000002
544,577,812,89,8079.42,90.78
545,167,292,46,3395.72,73.82
546,402,171,36,2693.16,74.81
547,387,146,65,3299.4,50.76
548,1235,733,77,2576.42,33.46
549,821,31,62,2280.36,36.78
550,1360,1189,13,540.8000000000001,41.60000000000001
551,998,756,61,5698.01,93.41
552,12,589,37,3478.74,94.02
553,1432,773,33,2397.12,72.64
554,1163,676,68,4020.84,59.13
555,694,1474,42,2409.12,57.36
556,391,704,39,2000.7,51.300000000000004
557,930,907,42,2533.44,60.32
558,28,1019,39,3041.2200000000003,77.98
559,874,1106,65,5882.5,90.5
560,1388,588,79,5154.75,65.25
561,567,520,19,1783.7199999999998,93.88
562,1368,1098,24,1496.4,62.35
563,138,140,47,2022.88,43.04
564,1037,113,8,745.44,93.18
565,864,435,89,4870.08,54.72
566,931,586,52,2463.24,47.37
567,869,556,2,144.02,72.01
568,1143,320,69,5738.04,83.16
569,1119,662,56,3946.32,70.47
570,875,177,75,2994.0,39.92
571,1413,167,78,6338.280000000001,81.26
572,773,1289,57,3349.8900000000003,58.77
573,1117,1162,16,687.52,42.97
574,406,1342,94,7162.8,76.2
575,493,1278,89,6579.77,73.93
576,1355,1183,42,4084.5,97.25
577,639,232,2,159.82,79.91
578,1180,1239,35,2508.1,71.66
579,590,655,69,3839.85,55.65
580,271,373,19,953.99,50.21
581,447,1347,84,2768.64,32.96
582,725,777,52,3144.44,60.47
583,526,353,41,2138.9700000000003,52.17000000000001
584,1220,1054,55,3780.15,68.73
585,1179,963,85,5229.2,61.519999999999996
586,699,1311,80,3189.6,39.87
587,1400,639,27,1926.45,71.35000000000001
588,128,922,61,2521.13,41.33
589,1163,737,45,2824.2,62.76
590,147,377,98,3525.06,35.97
591,795,339,56,4031.44,71.99
592,500,440,44,4370.96,99.34
593,116,753,61,5373.49,88.09
594,1084,838,54,2970.0,55.0
595,1294,1162,94,5123.94,54.51
596,748,414,75,2901.0,38.68
597,619,461,5,408.3,81.66
598,141,987,6,219.9,36.65
599,642,329,91,8468.460000000001,93.06000000000002
600,11,425,92,6451.959999999999,70.13
601,1126,905,36,1328.04,36.89
602,1264,1450,24,1655.52,68.98
603,1227,1423,63,5329.17,84.59
604,1402,729,39,2388.75,61.25
605,191,1132,18,1259.28,69.96
606,625,166,2,172.12,86.06
607,236,1024,35,2142.7,61.21999999999999
608,209,1373,52,3516.76,67.63000000000001
609,630,683,1,91.58,91.58
610,933,446,40,2230.8,55.77
611,322,35,54,2655.72,49.18
612,3,1090,34,1827.5,53.75
613,342,997,15,1374.0,91.6
614,113,335,1,94.92,94.92
615,466,516,61,5872.469999999999,96.27
616,809,197,3,292.95000000000005,97.65000000000002
617,318,263,38,1895.82,49.89
618,1482,648,45,3257.1,72.38
619,294,159,19,1278.89,67.31
620,427,1076,35,2108.75,60.25
621,246,172,16,619.52,38.72
622,1223,244,90,5271.3,58.57
623,527,788,83,5991.77,72.19000000000001
624,480,290,13,843.8299999999999,64.91
625,1485,773,14,1166.76,83.34
626,1031,1364,57,2958.3,51.900000000000006
627,1167,311,88,7861.04,89.33
628,948,1399,89,3752.24,42.16
629,151,265,28,1059.24,37.83
630,1046,1479,55,4808.1,87.42
631,1152,1231,41,2370.62,57.82
632,629,301,30,1164.6,38.82
633,909,276,65,5939.05,91.37
634,58,750,38,2402.36,63.220000000000006
635,1199,768,16,925.12,57.82
636,1204,1476,61,2070.34,33.940000000000005
637,522,844,27,1255.5,46.5
638,120,94,12,572.28,47.69
639,1185,438,23,2277.0,99.0
640,1391,78,43,1783.21,41.47
641,227,1009,12,665.16,55.43
642,819,778,73,4149.320000000001,56.84000000000001
643,1249,1068,53,4644.92,87.64
644,98,796,92,4513.52,49.06
645,345,433,65,4438.2,68.28
646,722,1148,45,1511.5500000000002,33.59
647,239,647,42,3613.68,86.03999999999999
648,893,137,84,3972.36,47.29
649,143,170,6,330.18,55.03
650,969,113,46,4460.16,96.96
651,1188,475,55,2626.8,47.760000000000005
652,534,507,39,2223.78,57.02
653,53,1063,14,711.1999999999999,50.8
654,1300,1358,86,5037.02,58.57000000000001
655,158,831,3,137.79,45.93
656,1222,391,1,56.97,56.97
657,1019,472,61,5463.77,89.57000000000001
658,1111,1277,42,1670.76,39.78
659,1051,209,55,2110.35,38.37
660,615,73,22,1233.98,56.09
661,1127,1358,21,758.94,36.14
662,742,72,12,386.64,32.22
663,96,1357,41,2752.33,67.13
664,442,491,91,7339.150000000001,80.65
665,995,1252,48,2318.4,48.300000000000004
666,267,418,18,986.4,54.8
667,46,770,43,4118.97,95.79
668,477,1264,51,3199.74,62.739999999999995
669,383,315,14,731.64,52.26
670,543,1162,92,4053.52,44.06
671,613,451,67,4422.67,66.01
672,1435,752,86,5762.0,67.0
673,1084,1173,68,6125.44,90.08
674,706,1368,72,4883.76,67.83
675,1412,102,95,9155.15,96.36999999999999
676,444,1457,14,672.6999999999999,48.05
677,350,377,59,2311.03,39.17
678,896,1178,47,1817.02,38.66
679,17,961,84,5859.84,69.76
680,31,1197,53,4072.52,76.84
681,328,705,34,1630.64,47.96
682,1438,1275,96,3696.96,38.51
683,1282,790,62,3261.2000000000003,52.6
684,1120,30,32,2252.16,70.38
685,1355,739,62,5491.96,88.58
686,368,1371,50,2665.0,53.3
687,1253,511,45,1529.5500000000002,33.99
688,349,35,47,3598.7899999999995,76.57
689,1296,746,98,6187.72,63.14
690,1066,124,63,2446.92,38.84
691,47,16,31,2738.85,88.35
692,397,1149,50,3429.9999999999995,68.6
693,484,354,62,4663.02,75.21000000000001
694,632,791,66,2280.3,34.550000000000004
695,360,717,61,2221.01,36.410000000000004
696,1278,1275,22,1062.8200000000002,48.31000000000001
697,970,396,7,604.87,86.41
698,1280,511,8,522.0,65.25
699,617,269,88,5323.12,60.49
700,1229,1095,43,3384.53,78.71000000000001
701,593,1041,66,2649.24,40.13999999999999
702,83,1412,67,5223.32,77.96
703,97,1030,53,2141.73,40.410000000000004
704,871,1144,9,503.82,55.98
705,102,335,82,6716.62,81.91
706,408,1276,50,4466.0,89.32
707,861,789,86,5950.34,69.19
708,1152,297,38,2651.26,69.77000000000001
709,447,130,37,2918.93,78.89
710,69,386,25,1262.0,50.48
711,356,1449,9,834.21,92.69
712,784,498,3,107.46,35.82
713,1340,1269,43,4257.86,99.02
714,1050,1136,71,3094.18,43.58
715,730,273,23,2173.5,94.5
716,379,185,66,4146.78,62.83
717,358,985,68,4327.52,63.64000000000001
718,1071,669,93,3608.4,38.800000000000004
719,167,174,63,2799.72,44.44
720,1086,478,74,4281.64,57.86000000000001
721,298,26,14,1284.78,91.77
722,679,226,22,795.74,36.17
723,602,605,23,1541.23,67.01
724,770,930,1,72.39,72.39
725,274,1295,65,3068.0,47.2
726,428,276,97,4539.599999999999,46.8
727,359,1267,67,3589.86,53.580000000000005
728,1036,1094,62,5267.52,84.96000000000001
729,244,44,26,1595.1,61.349999999999994
730,862,101,29,992.38,34.22
731,1154,1047,21,1299.9,61.900000000000006
732,1335,474,43,2699.97,62.78999999999999
733,1380,386,50,1775.5,35.51
734,766,1356,4,264.28,66.07
735,1038,956,28,2668.1200000000003,95.29
736,955,310,27,2386.8,88.4
737,631,1346,56,3071.04,54.839999999999996
738,1283,738,61,5216.719999999999,85.52
739,1453,1496,51,2918.22,57.22
740,817,1138,34,1909.1,56.15
741,81,407,83,3278.5,39.5
742,173,20,17,1552.1,91.3
743,11,632,39,2421.12,62.08
744,513,373,46,4237.98,92.13
745,1324,171,29,2605.94,89.86
746,1053,405,62,4033.72,65.06
747,64,917,71,2215.91,31.209999999999997
748,667,1110,90,8577.9,95.31
749,971,1330,83,7363.76,88.72
750,1216,1062,71,7041.780000000001,99.18
751,972,1439,31,2373.36,76.56
752,235,615,45,2279.25,50.65
753,956,759,65,5610.150000000001,86.31
754,1259,91,59,5045.09,85.51
755,1486,1219,18,1256.22,69.79
756,1431,1145,42,1998.78,47.589999999999996
757,484,697,42,3912.72,93.16
758,711,179,5,416.9,83.38
759,803,864,31,3053.19,98.49
760,1479,406,63,5483.52,87.04
761,405,1073,68,5913.96,86.97
762,368,181,52,2287.48,43.99
763,67,181,83,3919.26,47.220000000000006
764,485,130,8,248.88,31.11
765,1271,1495,76,6558.8,86.3
766,625,372,16,1172.8,73.3
767,1259,1446,13,1038.83,79.91
768,737,763,35,2803.85,80.11
769,1098,137,34,2663.22,78.33
770,1055,589,85,6737.95,79.27
771,13,371,70,5507.6,78.68
772,446,384,9,658.35,73.15
773,1289,944,31,2947.48,95.08
774,934,342,67,6550.59,97.77
775,1345,453,32,3125.44,97.67
776,493,772,46,1882.32,40.92
777,1108,866,22,703.78,31.99
778,1411,1015,53,5193.469999999999,97.98999999999998
779,365,391,23,1079.62,46.94
780,309,514,5,446.1,89.22
781,696,623,11,583.4399999999999,53.03999999999999
782,762,448,7,461.65,65.95
783,199,1104,47,3775.04,80.32
784,660,49,77,2969.1200000000003,38.56
785,829,162,97,5117.72,52.760000000000005
786,1400,1119,78,2691.0,34.5
787,17,1397,41,3649.82,89.02000000000001
788,1323,1436,55,3765.3,68.46000000000001
789,1138,170,39,3143.4,80.60000000000001
790,587,1238,44,2304.28,52.370000000000005
791,790,759,8,421.68,52.71
792,1127,372,74,3502.42,47.33
793,18,767,15,1056.15,70.41000000000001
794,1066,998,29,2312.17,79.73
795,576,1430,33,1676.73,50.81
796,1059,1117,17,799.8499999999999,47.05
797,213,1018,86,3833.88,44.58
798,334,770,59,3108.71,52.69
799,563,433,92,7712.36,83.83
800,1399,888,96,3608.64,37.589999999999996
801,984,92,65,1968.2,30.28
802,435,688,36,2355.12,65.42
803,925,286,62,5208.62,84.01
804,457,578,65,5677.1,87.34
805,254,1126,8,466.56,58.32
806,477,210,14,974.4,69.6
807,1152,505,4,383.24,95.81
808,174,20,3,208.68,69.56
809,1424,878,54,1990.44,36.86
810,815,975,21,1021.86,48.660000000000004
811,987,507,95,4504.900000000001,47.42000000000001
812,1243,1432,31,936.51,30.21
813,916,1020,56,4908.96,87.66
814,1002,669,9,538.65,59.849999999999994
815,350,1072,44,1699.72,38.63
816,1271,521,9,824.85,91.65
817,469,851,87,7259.28,83.44
818,1436,81,5,261.95,52.39
819,699,1496,55,4563.900000000001,82.98
820,34,312,54,2171.88,40.22
821,463,992,99,8962.47,90.52999999999999
822,1496,545,17,1267.18,74.54
823,672,617,76,6477.4800000000005,85.23
824,436,836,90,5648.4,62.76
825,1298,930,1,63.38,63.38
826,1362,1499,11,393.8,35.800000000000004
827,803,839,25,1431.5,57.26
828,32,1020,55,2591.05,47.11000000000001
829,1123,290,87,4890.27,56.21000000000001
830,515,817,99,8425.89,85.11
831,823,1148,2,111.16,55.58
832,232,275,33,1138.17,34.49
833,1251,1351,89,7555.21,84.89
834,109,158,71,5775.14,81.34
835,548,86,58,5067.46,87.37
836,981,136,64,5459.84,85.31
837,457,1071,22,949.08,43.14
838,1241,729,42,2420.88,57.64
839,1474,1086,97,9156.8,94.39999999999999
840,1347,234,76,3573.5200000000004,47.02
841,1406,354,67,3391.54,50.62
842,1035,788,78,4960.02,63.59
843,883,1355,64,4696.96,73.39
844,1491,148,58,5454.320000000001,94.04
845,70,1212,98,9691.22,98.88999999999999
846,412,302,18,679.68,37.76
847,905,371,91,4492.67,49.37
848,992,1053,58,1962.14,33.83
849,1174,252,93,5544.66,59.62
850,1423,995,65,5898.75,90.75
851,1344,142,85,8219.5,96.7
852,723,342,10,581.7,58.17
853,719,3,38,1168.88,30.76
854,948,1361,56,3536.4,63.15
855,1423,544,41,3429.65,83.65
856,326,105,22,2163.04,98.32
857,1194,664,45,3344.4,74.32000000000001
858,476,702,14,521.9200000000001,37.28000000000001
859,914,72,81,7575.12,93.52
860,29,646,38,1808.04,47.58
861,1217,80,30,2399.4,79.98
862,22,811,75,2729.25,36.39
863,560,365,7,271.74,38.82
864,345,1374,11,786.39,71.49
865,1170,1394,90,8962.2,99.58000000000001
866,1252,99,58,4865.62,83.89
867,1194,172,28,2639.56,94.27
868,940,1226,80,3439.2000000000003,42.99
869,1101,1327,86,7134.56,82.96000000000001
870,1367,1223,15,1053.6,70.24
871,1266,1125,1,71.79,71.79
872,306,1080,16,986.72,61.67
873,683,131,61,3538.61,58.010000000000005
874,527,115,8,745.36,93.17
875,1140,1005,55,5131.5,93.3
876,1258,699,1,90.77,90.77
877,609,854,21,893.13,42.53
878,368,996,27,2272.32,84.16000000000001
879,1134,1246,84,2535.12,30.18
880,355,871,57,3236.46,56.78
881,529,1094,16,1227.2,76.7
882,585,834,92,4848.400000000001,52.7
883,1402,1419,43,2715.88,63.160000000000004
884,970,867,57,3126.4500000000003,54.85
885,1436,890,99,7898.22,79.78
886,531,1113,85,7744.35,91.11
887,1296,590,86,5705.240000000001,66.34
888,922,636,72,6003.36,83.38
889,665,1235,42,1562.82,37.21
890,579,811,92,6262.44,68.07
891,72,513,10,561.3000000000001,56.13000000000001
892,352,748,39,3462.42,88.78
893,75,1325,55,4084.3,74.26
894,697,1150,99,8545.679999999998,86.31999999999998
895,913,859,95,6420.099999999999,67.58
896,27,294,35,2896.25,82.75
897,611,903,53,5069.98,95.66
898,492,74,73,5781.6,79.2
899,1353,903,69,4919.01,71.29
900,1423,1214,99,3636.27,36.73
901,366,126,17,1674.16,98.48
902,275,1042,71,3878.02,54.62
903,1253,142,6,446.46,74.41
904,1136,390,11,345.73,31.430000000000003
905,1241,209,58,4084.940000000001,70.43000000000002
906,150,1309,68,5539.28,81.46
907,447,626,98,3878.84,39.58
908,422,1009,6,228.84,38.14
909,268,753,30,1104.3000000000002,36.81000000000001
910,545,468,70,2795.1,39.93
911,715,760,46,2894.32,62.92
912,178,139,54,2743.2,50.8
913,267,1042,23,878.83,38.21
914,387,1348,87,4782.39,54.970000000000006
915,59,300,8,330.32,41.29
916,230,191,66,4627.92,70.12
917,864,341,55,5249.75,95.45
918,821,1346,23,1725.69,75.03
919,765,631,57,4130.219999999999,72.46
920,1481,233,82,8143.42,99.31
921,1179,738,90,5886.9,65.41
922,776,523,42,3963.96,94.38
923,691,1187,7,238.28,34.04
924,1143,71,92,8850.4,96.2
925,1287,568,54,2714.5800000000004,50.27000000000001
926,547,1090,94,5734.0,61.0
927,558,926,24,1770.96,73.79
928,194,424,19,598.31,31.49
929,1179,319,22,1259.5,57.25
930,332,642,79,6654.96,84.24
931,424,187,80,6972.799999999999,87.16
932,462,269,95,8921.449999999999,93.90999999999998
933,1421,1102,18,1610.46,89.47
934,432,406,79,3521.82,44.580000000000005
935,465,1135,83,5055.53,60.91
936,1201,674,82,4693.68,57.24
937,1172,212,64,2409.6,37.65
938,1055,1347,89,8224.49,92.41
939,798,320,29,894.6500000000001,30.85
940,648,798,64,3654.4,57.1
941,281,1372,17,1530.0,90.0
942,584,1432,25,992.75,39.71
943,1124,167,90,8221.5,91.35
944,114,1186,86,8070.240000000001,93.84
945,805,672,94,6605.379999999999,70.27
946,396,421,65,5607.55,86.27
947,810,1331,17,1650.36,97.08
948,23,724,32,2326.4,72.7
949,1042,691,34,1459.62,42.93
950,461,1438,94,5509.34,58.61
951,552,1241,24,1952.88,81.37
952,625,747,29,1695.34,58.459999999999994
953,1068,1392,12,1131.36,94.27999999999999
954,367,693,33,1798.17,54.49
955,830,1446,60,2500.8,41.68
956,648,150,69,3217.4700000000003,46.63
957,54,892,86,6206.62,72.17
958,1153,918,96,6289.92,65.52
959,419,1049,5,470.05,94.01
960,1052,30,60,2793.6000000000004,46.56000000000001
961,498,732,62,5964.400000000001,96.2
962,855,1172,15,637.1999999999999,42.48
963,129,414,74,2861.58,38.67
964,200,302,84,4467.12,53.18
965,475,760,50,2503.5,50.07
966,902,281,22,1566.62,71.21
967,356,1370,64,5094.4,79.6
968,153,1497,55,1817.75,33.05
969,223,227,29,2180.2200000000003,75.18
970,775,1327,71,5038.87,70.97
971,697,1342,66,4990.26,75.61
972,198,182,32,969.28,30.29
973,1473,282,27,2631.69,97.47
974,139,638,62,3663.58,59.089999999999996
975,559,1461,85,2797.35,32.91
976,1380,1237,60,3351.0,55.85
977,358,638,19,957.6,50.4
978,363,1134,30,2657.1,88.57
979,673,424,1,96.61,96.61
980,1184,1015,2,89.92,44.96
981,438,129,71,6716.599999999999,94.6
982,598,713,79,3249.27,41.13
983,782,1064,2,126.48,63.24
984,243,879,56,4620.56,82.51
985,628,276,79,3169.48,40.12
986,175,722,96,3776.64,39.339999999999996
987,97,13,44,4109.6,93.4
988,441,763,70,5357.1,76.53
989,1451,1284,41,4034.81,98.41
990,1465,329,22,1825.56,82.98
991,1120,471,44,4220.4800000000005,95.92000000000002
992,1436,1182,94,7730.559999999999,82.23999999999998
993,1184,467,95,4892.5,51.5
994,468,125,85,5142.5,60.5
995,646,103,94,7632.8,81.2
996,1060,1378,23,918.62,39.94
997,1480,254,43,3730.68,86.75999999999999
998,398,1380,54,3844.26,71.19
999,937,1316,79,7517.639999999999,95.16
1000,1262,821,99,7842.78,79.22
1001,539,528,49,4276.23,87.27
1002,368,662,96,5890.56,61.36000000000001
1003,779,726,8,474.4,59.3
1004,839,510,59,3964.21,67.19
1005,1361,340,5,415.7,83.14
1006,1224,1025,66,2169.42,32.870000000000005
1007,622,130,58,5537.84,95.48
1008,1333,588,33,2588.52,78.44
1009,688,376,35,1607.55,45.93
1010,61,1438,26,1396.46,53.71
1011,444,83,95,7365.35,77.53
1012,1373,933,31,2652.05,85.55000000000001
1013,465,256,80,3809.6,47.62
1014,539,1309,13,619.4499999999999,47.64999999999999
1015,545,475,35,1949.5,55.7
1016,384,1103,58,5609.179999999999,96.71
1017,1042,590,70,4736.900000000001,67.67
1018,1365,436,65,4720.95,72.63
1019,643,54,7,669.48,95.64
1020,1034,1438,6,585.48,97.58
1021,599,949,16,864.48,54.03
1022,404,86,52,3484.0,67.0
1023,114,868,32,2786.56,87.08
1024,638,252,52,4711.72,90.61
1025,813,358,35,2383.85,68.11
1026,975,1365,83,7774.610000000001,93.67
1027,721,824,33,3169.32,96.04
1028,777,123,4,280.0,70.0
1029,586,689,63,2629.6200000000003,41.74
1030,243,820,45,1956.15,43.47
1031,1003,1098,25,913.25,36.53
1032,204,973,74,7017.42,94.83
1033,1092,1002,61,4468.860000000001,73.26
1034,482,32,88,5962.0,67.75
1035,315,606,91,8743.28,96.08000000000001
1036,1132,731,64,5061.12,79.08
1037,875,1343,39,2437.5,62.5
1038,482,867,29,1943.0,67.0
1039,1471,8,90,7955.1,88.39
1040,506,1120,45,1478.25,32.85
1041,85,1067,2,168.52,84.26
1042,605,279,11,795.74,72.34
1043,1364,1019,94,4109.68,43.720000000000006
1044,1048,840,1,44.52,44.52
1045,236,595,40,3608.8,90.22
1046,1307,1305,30,2953.2,98.44
1047,1353,1415,85,7915.200000000001,93.12
1048,1003,1184,34,2461.26,72.39
1049,645,943,48,3525.12,73.44
1050,687,1248,96,3048.96,31.76
1051,317,1101,26,2293.2000000000003,88.20000000000002
1052,787,1145,4,219.04,54.76
1053,759,254,23,1811.25,78.75
1054,42,1475,2,159.9,79.95
1055,1098,342,13,500.24,38.480000000000004
1056,1018,1186,87,5918.61,68.03
1057,347,408,47,4566.05,97.15
1058,289,8,57,3200.55,56.150000000000006
1059,106,469,8,604.4,75.55
1060,1135,481,88,4734.4,53.8
1061,1449,486,11,710.27,64.57
1062,868,1481,2,129.6,64.8
1063,544,1354,55,4270.75,77.65
1064,1467,787,49,3573.57,72.93
1065,1106,808,71,4436.08,62.48
1066,116,1273,19,1163.18,61.220000000000006
1067,354,575,71,5802.12,81.72
1068,1003,723,54,5235.839999999999,96.95999999999998
1069,1466,1401,5,276.45,55.29
1070,845,1045,18,1602.36,89.02
1071,287,236,94,9319.16,99.14
1072,339,1058,57,4577.67,80.31
1073,716,475,28,1138.76,40.67
1074,189,1408,63,5220.81,82.87
1075,668,898,59,4756.58,80.62
1076,1347,849,25,963.25,38.53
1077,357,1400,66,5710.32,86.52
1078,742,106,41,3758.88,91.68
1079,1486,157,71,3302.21,46.51
1080,1457,227,21,1059.03,50.43
1081,768,682,4,290.88,72.72
1082,200,1144,48,2678.4,55.800000000000004
1083,572,1431,31,3020.3300000000004,97.43
1084,347,813,81,7404.21,91.41
1085,846,31,75,3288.75,43.85
1086,253,654,25,2369.25,94.77
1087,1212,817,49,4050.83,82.67
1088,1383,508,50,4975.5,99.51
1089,585,883,57,1891.26,33.18
1090,319,450,71,5070.11,71.41
1091,1354,462,85,7967.05,93.73
1092,157,433,59,3370.67,57.13
1093,1428,1079,44,1861.64,42.31
1094,1016,705,15,1480.35,98.69
1095,1102,1280,22,1635.48,74.34
1096,1276,1072,61,4010.75,65.75
1097,891,771,36,1685.88,46.830000000000005
1098,508,222,42,1736.2800000000002,41.34
1099,879,1365,39,3014.3100000000004,77.29
1100,618,1196,23,774.64,33.68
1101,950,699,16,1093.44,68.34
1102,1068,325,43,2429.5,56.5
1103,1085,73,76,4105.52,54.02
1104,140,433,88,3099.36,35.22
1105,1231,189,6,407.22,67.87
1106,499,871,39,1980.03,50.769999999999996
1107,803,1449,17,1597.15,93.95
1108,1454,1374,73,4774.200000000001,65.4
1109,1031,939,34,1467.78,43.17
1110,774,1196,4,280.64,70.16
1111,879,747,35,2014.95,57.57
1112,9,549,91,4725.63,51.93
1113,1127,604,27,1101.6,40.8
1114,13,128,71,5275.3,74.3
1115,480,459,45,2902.9500000000003,64.51
1116,1039,1146,38,1812.6,47.699999999999996
1117,356,1098,90,6096.599999999999,67.74
1118,690,631,48,3746.88,78.06
1119,878,1351,97,9024.88,93.03999999999999
1120,390,1237,73,7031.36,96.32
1121,448,265,48,1737.12,36.19
1122,129,564,98,3474.1000000000004,35.45
1123,219,1201,30,1379.1,45.97
1124,907,88,48,2059.2,42.9
1125,344,256,53,2399.31,45.269999999999996
1126,179,879,9,322.11,35.79
1127,351,899,25,955.5,38.22
1128,15,1248,40,2558.0,63.95
1129,198,181,68,2464.32,36.24
1130,1059,340,33,1224.9599999999998,37.12
1131,955,146,32,2885.12,90.16
1132,983,787,56,2152.64,38.44
1133,1433,323,44,2610.96,59.34
1134,804,1139,43,3211.67,74.69
1135,899,450,91,8678.67,95.37
1136,1456,1062,83,2925.75,35.25
1137,1352,136,43,3926.33,91.31
1138,312,1498,10,795.5,79.55
1139,867,1116,70,6593.3,94.19
1140,539,1390,97,4515.349999999999,46.55
1141,515,1445,75,7485.75,99.81
1142,236,889,89,6233.56,70.04
1143,769,1233,44,1363.56,30.99
1144,337,1333,56,5203.52,92.92
1145,157,1075,52,5096.52,98.01
1146,18,916,88,7524.88,85.51
1147,1100,681,19,1072.36,56.44
1148,315,97,73,3966.09,54.330000000000005
1149,726,110,8,262.32,32.79
1150,336,1476,52,2009.28,38.64
1151,725,1047,73,2760.13,37.81
1152,946,1364,56,4458.16,79.61
1153,1287,538,83,3096.73,37.31
1154,1116,1317,94,3970.56,42.24
1155,819,1449,37,2252.19,60.870000000000005
1156,757,918,80,5358.400000000001,66.98
1157,206,224,48,1569.6,32.699999999999996
1158,802,625,52,3160.56,60.78
1159,1414,1238,92,5134.52,55.81
1160,245,1353,16,528.32,33.02
1161,1375,1267,96,3190.08,33.23
1162,1299,878,57,3295.17,57.81
1163,908,53,13,906.36,69.72
1164,49,493,57,1822.86,31.979999999999997
1165,1282,611,31,2550.68,82.28
1166,829,515,96,7615.68,79.33
1167,221,1003,8,552.32,69.04
1168,721,726,66,6231.72,94.42
1169,931,1436,25,2245.0,89.8
1170,1116,597,91,7943.39,87.29
1171,124,69,9,763.3799999999999,84.82
1172,342,449,2,82.82,41.41
1173,92,402,27,1706.13,63.190000000000005
1174,611,903,57,4382.16,76.88
1175,872,9,13,601.38,46.26
1176,272,1118,69,2546.79,36.91
1177,1176,1045,99,6807.240000000001,68.76
1178,154,1323,44,3520.44,80.01
1179,295,974,15,1126.5,75.1
1180,137,926,25,986.5,39.46
1181,1057,78,55,2025.65,36.83
1182,802,253,30,2636.1000000000004,87.87000000000002
1183,1254,1085,76,5554.08,73.08
1184,885,477,27,1232.28,45.64
1185,635,688,83,5682.179999999999,68.46
1186,731,580,62,2379.56,38.38
1187,1150,377,13,682.5,52.5
1188,1443,1449,46,2259.98,49.13
1189,1138,987,91,4575.4800000000005,50.28000000000001
1190,1085,469,66,5624.52,85.22000000000001
1191,1488,165,77,3988.6,51.8
1192,866,368,81,7601.849999999999,93.85
1193,1053,300,58,5512.320000000001,95.04
1194,1017,229,92,5166.719999999999,56.15999999999999
1195,559,1109,22,1140.04,51.82
1196,575,1297,63,4014.36,63.72
1197,960,201,31,2959.88,95.48
1198,1476,234,16,1020.96,63.81
1199,412,1478,37,1302.4,35.2
1200,1143,697,59,5436.26,92.14
1201,1349,961,96,3694.08,38.48
1202,477,939,75,4244.25,56.59
1203,807,768,54,1859.22,34.43
1204,1312,463,63,2361.24,37.48
1205,597,625,55,1885.95,34.29
1206,45,585,13,627.25,48.25
1207,430,1326,58,3187.68,54.959999999999994
1208,907,1316,16,1305.92,81.62
1209,376,962,30,2181.9,72.73
1210,485,1373,62,4433.0,71.5
1211,779,1330,40,3338.8,83.47
1212,1113,1281,77,6900.740000000001,89.62
1213,1208,1108,36,2369.88,65.83
1214,161,1260,1,87.59,87.59
1215,264,1438,39,1692.9899999999998,43.41
1216,834,1112,7,294.84,42.12
1217,1279,1022,91,8961.68,98.48
1218,351,682,43,2821.23,65.61
1219,582,1360,20,704.0,35.2
1220,1026,1438,81,4681.8,57.800000000000004
1221,303,1468,48,3104.16,64.67
1222,363,1352,55,4577.650000000001,83.23
1223,306,1338,37,1885.52,50.96
1224,587,574,17,737.9699999999999,43.41
1225,565,127,94,3091.66,32.89
1226,25,1381,57,4338.27,76.11000000000001
1227,827,194,58,3583.82,61.790000000000006
1228,256,917,40,1788.8,44.72
1229,731,1422,60,5044.8,84.08
1230,304,720,22,1537.14,69.87
1231,1309,438,80,2763.2,34.54
1232,1143,39,64,3119.36,48.74
1233,11,360,44,2896.52,65.83
1234,726,1020,89,6975.82,78.38
1235,1021,200,67,6541.88,97.64
1236,531,411,97,8081.070000000001,83.31
1237,408,738,88,7079.6,80.45
1238,131,1155,98,6236.72,63.64
1239,1292,745,78,6974.76,89.42
1240,59,1348,96,4008.96,41.76
1241,1254,305,40,2475.6,61.89
1242,661,280,29,1188.71,40.99
1243,291,1139,9,615.42,68.38
1244,416,832,52,2186.08,42.04
1245,1146,187,36,1711.08,47.53
1246,780,29,85,5774.9,67.94
1247,713,64,75,2568.0,34.24
1248,1344,618,38,3695.5,97.25
1249,483,299,12,1131.6,94.3
1250,649,642,69,4141.38,60.02
1251,814,1147,10,987.3,98.72999999999999
1252,207,503,70,3726.8,53.24
1253,400,988,98,5951.54,60.73
1254,1297,990,32,2512.96,78.53
1255,737,860,72,2506.32,34.81
1256,655,379,13,946.79,72.83
1257,422,177,77,3736.81,48.53
1258,199,302,97,5515.42,56.86
1259,20,1187,37,2684.35,72.55
1260,1034,1028,42,3995.46,95.13
1261,773,322,75,3256.5,43.42
1262,617,350,49,4367.37,89.13
1263,476,1085,98,3945.48,40.26
1264,461,704,86,4492.64,52.24
1265,1104,1122,22,1752.96,79.68
1266,52,760,3,97.77,32.589999999999996
1267,349,451,32,1456.96,45.53
1268,903,678,60,5061.0,84.35
1269,477,1033,64,3738.24,58.41
1270,752,346,96,6316.799999999999,65.8
1271,296,541,45,1904.85,42.33
1272,1178,1207,4,370.76,92.69
1273,1051,907,84,5688.48,67.72
1274,248,879,59,4873.4,82.6
1275,1215,576,79,6681.03,84.57
1276,393,1405,2,198.36,99.18
1277,309,1427,9,535.3199999999999,59.47999999999999
1278,1305,1218,49,2723.9100000000003,55.59
1279,843,729,64,5222.4,81.6
1280,198,190,79,7783.08,98.52
1281,499,594,8,606.08,75.76
1282,191,442,8,719.68,89.96
1283,1154,515,68,5971.08,87.81
1284,1187,749,12,429.96,35.83
1285,1380,719,14,917.7,65.55
1286,760,332,71,6500.05,91.55
1287,1341,631,30,1625.4,54.18
1288,494,1149,2,68.48,34.24
1289,983,965,49,4348.75,88.75
1290,791,298,29,2758.77,95.13
1291,180,997,71,5155.31,72.61
1292,71,1137,56,3626.0,64.75
1293,68,826,79,3376.46,42.74
1294,1491,1239,27,1957.23,72.49
1295,1033,1400,4,379.16,94.79
1296,450,1457,52,3994.12,76.81
1297,229,55,60,5679.0,94.65
1298,20,1333,58,2835.62,48.89
1299,1296,1452,11,767.14,69.74
1300,488,10,58,3446.94,59.43
1301,1441,1129,47,2065.18,43.94
1302,1437,390,74,5606.240000000001,75.76
1303,1054,652,55,4763.55,86.61
1304,7,476,94,4879.54,51.91
1305,377,1446,12,1179.48,98.29
1306,1169,289,99,9825.75,99.25
1307,514,683,10,308.9,30.889999999999997
1308,326,1042,97,8102.41,83.53
1309,1086,147,28,2302.16,82.22
1310,643,768,47,4219.66,89.78
1311,465,597,94,4469.7,47.55
1312,67,655,26,2293.98,88.23
1313,1271,1265,22,1613.6999999999998,73.35
1314,417,778,10,593.9,59.39
1315,756,798,67,4826.68,72.04
1316,482,281,28,1800.9599999999998,64.32
1317,160,254,61,2763.9100000000003,45.31
1318,1464,902,79,6505.65,82.35
1319,1072,598,55,4127.200000000001,75.04
1320,813,399,75,7314.75,97.53
1321,72,993,23,943.0,41.0
1322,1325,641,67,2444.83,36.49
1323,1492,1457,76,3109.92,40.92
1324,265,1128,5,307.75,61.55
1325,1172,148,33,1767.15,53.550000000000004
1326,635,1170,80,7704.0,96.3
1327,57,696,30,1309.2,43.64
1328,637,414,37,2044.62,55.26
1329,956,1354,95,8106.349999999999,85.33
1330,818,1272,40,3617.6,90.44
1331,682,1043,8,625.52,78.19
1332,256,757,91,5219.76,57.36
1333,473,133,19,899.84,47.36
1334,496,266,9,716.67,79.63
1335,924,1110,57,4192.349999999999,73.55
1336,508,412,2,93.98,46.99
1337,1251,1027,26,884.26,34.01
1338,425,865,24,2260.32,94.18
1339,1126,1374,90,3745.8,41.620000000000005
1340,1063,1133,19,1170.97,61.63
1341,902,159,40,3664.8,91.62
1342,448,975,58,4194.56,72.32000000000001
1343,1426,948,70,4267.9,60.96999999999999
1344,616,1429,23,1957.07,85.09
1345,32,1355,11,1045.88,95.08000000000001
1346,15,226,46,1527.2,33.2
1347,629,1156,89,4684.070000000001,52.63000000000001
1348,207,1013,96,4087.68,42.58
1349,909,607,41,3448.51,84.11
1350,664,1069,66,3389.76,51.36000000000001
1351,822,202,94,8468.460000000001,90.09
1352,725,349,34,2731.22,80.33
1353,969,1351,74,3122.06,42.19
1354,285,227,3,230.43,76.81
1355,328,1275,29,1217.71,41.99
1356,1294,112,7,399.0,57.0
1357,557,477,27,1333.8,49.4
1358,1343,597,73,4575.64,62.68000000000001
1359,763,625,78,6093.360000000001,78.12
1360,297,598,23,2042.63,88.81
1361,487,259,62,3216.56,51.88
1362,1311,502,13,771.68,59.36
1363,1025,1363,88,6281.44,71.38
1364,1142,803,8,706.32,88.29
1365,90,575,91,7193.55,79.05
1366,1345,1314,95,6783.000000000001,71.4
1367,1161,586,40,2413.6000000000004,60.34000000000001
1368,1275,383,81,6083.91,75.11
1369,544,1130,50,2110.0,42.2
1370,1318,659,91,3114.02,34.22
1371,1402,40,23,2098.75,91.25
1372,1227,303,90,5811.299999999999,64.57
1373,66,548,7,425.25,60.75
1374,547,1044,87,3329.49,38.269999999999996
1375,1146,986,48,4377.6,91.2
1376,596,985,61,2544.92,41.72
1377,31,1365,88,6636.08,75.41
1378,764,194,84,3867.36,46.04
1379,929,357,34,2712.18,79.77
1380,40,553,74,6119.8,82.7
1381,1030,719,19,671.46,35.34
1382,1113,437,15,1369.65,91.31
1383,309,706,97,8272.16,85.28
1384,1113,614,50,1960.5,39.21
1385,56,905,31,2281.29,73.59
1386,556,524,21,882.4200000000001,42.02
1387,211,480,52,4087.2,78.6
1388,633,82,30,1930.2,64.34
1389,973,187,80,4101.6,51.27
1390,137,400,79,4612.81,58.39000000000001
1391,1470,797,3,94.95,31.650000000000002
1392,27,78,95,3535.9,37.22
1393,1193,773,62,5320.839999999999,85.82
1394,884,677,40,2660.0,66.5
1395,257,422,15,715.65,47.71
1396,423,792,20,1352.4,67.62
1397,282,1130,47,2855.25,60.75
1398,1361,420,75,4500.75,60.01
1399,983,1411,86,5263.2,61.199999999999996
1400,511,1152,47,3095.8900000000003,65.87
1401,1276,1399,33,1505.4599999999998,45.62
1402,1263,789,19,1152.54,60.66
1403,1293,1162,5,426.25,85.25
1404,192,1301,82,7201.24,87.82
1405,860,366,66,5435.76,82.36
1406,935,539,79,5759.1,72.9
1407,1057,78,33,1040.82,31.54
1408,1032,1085,7,655.41,93.63
1409,317,175,75,5117.25,68.23
1410,739,421,37,2554.85,69.05
1411,342,217,78,5720.52,73.34
1412,424,244,69,5555.88,80.52
1413,349,585,41,2290.26,55.86000000000001
1414,1027,669,35,2365.3,67.58
1415,565,391,38,1818.3,47.85
1416,158,381,72,5951.52,82.66000000000001
1417,1378,1189,47,4550.07,96.80999999999999
1418,973,1315,45,3809.7,84.66
1419,926,71,2,109.96,54.98
1420,344,714,30,934.8,31.16
1421,1141,1083,64,3200.0,50.0
1422,1438,1451,93,5865.51,63.07
1423,990,989,49,4362.47,89.03
1424,1098,1478,5,159.5,31.9
1425,687,712,30,2939.7,97.99
1426,154,63,77,6839.91,88.83
1427,928,214,82,7416.900000000001,90.45
1428,3,391,10,930.4,93.03999999999999
1429,1420,1428,72,5883.84,81.72
1430,156,48,75,7185.75,95.81
1431,607,1012,7,517.93,73.99
1432,1017,671,93,7816.65,84.05
1433,1158,341,58,2428.46,41.87
1434,874,94,15,680.7,45.38
1435,375,263,95,7631.349999999999,80.33
1436,375,1319,37,2965.92,80.16
1437,597,266,35,1262.45,36.07
1438,1114,931,89,6032.42,67.78
1439,499,182,3,226.11,75.37
1440,141,1032,97,4042.96,41.68
1441,353,202,73,4705.58,64.46
1442,690,55,47,2317.57,49.31
1443,537,935,33,1109.4599999999998,33.62
1444,978,1147,44,1530.76,34.79
1445,391,360,94,7741.84,82.36
1446,1484,155,37,3140.56,84.88
1447,505,800,84,5881.679999999999,70.02
1448,157,1055,93,6112.89,65.73
1449,792,90,25,1702.4999999999998,68.1
1450,326,1362,67,4212.29,62.87
1451,147,467,43,2650.95,61.65
1452,9,375,61,5141.08,84.28
1453,528,465,66,5541.36,83.96
1454,932,1484,64,2867.2,44.8
1455,386,665,52,3360.76,64.63000000000001
1456,465,487,53,4491.75,84.75
1457,1427,403,55,4721.75,85.85
1458,194,1178,55,1778.15,32.33
1459,413,501,22,1176.78,53.49
1460,382,32,27,1951.02,72.26
1461,420,140,77,6318.62,82.06
1462,1414,818,10,472.1,47.21
1463,403,402,82,5495.639999999999,67.02
1464,274,315,79,6613.089999999999,83.71
1465,1370,785,55,4346.099999999999,79.02
1466,1115,204,17,712.64,41.92
1467,1206,690,52,3011.84,57.92
1468,1474,1215,21,814.8,38.8
1469,67,579,87,8134.5,93.5
1470,534,55,67,6263.83,93.49
1471,1271,458,1,83.62,83.62
1472,1182,1213,13,672.75,51.75
1473,867,181,61,1873.92,30.720000000000002
1474,412,1450,16,1592.32,99.52
1475,1463,221,82,5841.679999999999,71.24
1476,1165,1200,84,3976.56,47.339999999999996
1477,1389,379,23,1193.24,51.88
1478,941,1351,9,316.89,35.21
1479,4,394,69,3652.17,52.93
1480,1112,653,22,1012.0,46.0
1481,405,1198,20,1203.8,60.19
1482,200,1336,7,440.16,62.88
1483,1137,1354,55,2897.95,52.69
1484,70,1244,48,3429.6000000000004,71.45
1485,842,1211,89,6967.81,78.29
1486,533,1485,59,1931.66,32.74
1487,945,331,62,4112.46,66.33
1488,5,140,16,631.52,39.47
1489,1472,522,32,1032.64,32.27
1490,132,1478,62,3847.1,62.05
1491,1160,569,32,1914.56,59.83
1492,1092,384,76,3226.2000000000003,42.45
1493,169,916,34,1907.74,56.11
1494,862,1007,87,3924.57,45.11
1495,248,91,4,182.96,45.74
1496,1338,1117,1,95.05,95.05
1497,1432,272,39,1238.64,31.76
1498,1329,137,77,5558.63,72.19
1499,1367,1193,27,2457.0,91.0
1500,292,101,85,7118.75,83.75
