id_orden,id_cliente,fecha_orden,estado,id_empleado_responsable
1,1055,2025-04-12,Pendiente,1161
2,1436,2024-10-06,Pendiente,1217
3,1240,2025-02-02,Completado,395
4,1398,2025-03-31,Completado,122
5,1211,2024-11-26,Pendiente,1432
6,567,2024-06-25,En Proceso,1356
7,707,2024-07-02,Pendiente,1390
8,40,2025-05-04,En Proceso,675
9,448,2025-01-02,Pendiente,1275
10,1037,2024-06-20,Pendiente,30
11,963,2025-04-27,Completado,592
12,234,2024-08-11,Pendiente,1331
13,1162,2025-02-16,En Proceso,404
14,1103,2025-04-18,Pendiente,681
15,1219,2025-01-03,Completado,1040
16,1026,2025-05-24,En Proceso,319
17,792,2025-05-12,En Proceso,1407
18,127,2024-08-28,En Proceso,205
19,545,2025-06-06,Pendiente,487
20,670,2024-08-27,Pendiente,1103
21,152,2025-01-05,Pendiente,623
22,359,2024-12-03,Pendiente,593
23,745,2025-02-19,Completado,527
24,77,2024-09-13,Completado,1459
25,1342,2025-04-09,Completado,1453
26,1447,2024-08-10,Pendiente,1442
27,636,2024-08-16,Completado,34
28,644,2025-02-04,Pendiente,978
29,458,2025-03-11,En Proceso,138
30,252,2025-01-10,Completado,872
31,1314,2024-12-08,Pendiente,643
32,1309,2024-10-28,Pendiente,873
33,1445,2024-09-25,Pendiente,7
34,116,2025-01-25,Completado,1129
35,570,2024-09-22,Pendiente,405
36,1253,2025-01-04,En Proceso,1488
37,242,2024-08-24,En Proceso,366
38,540,2025-04-11,En Proceso,1032
39,296,2025-05-14,En Proceso,1374
40,410,2025-06-02,En Proceso,1265
41,256,2024-08-31,En Proceso,274
42,318,2025-04-16,Pendiente,1353
43,65,2025-05-04,Completado,1027
44,130,2024-07-13,Pendiente,850
45,341,2025-05-01,Completado,52
46,754,2024-09-30,Completado,695
47,617,2024-12-25,Pendiente,469
48,843,2025-05-18,Completado,250
49,855,2024-12-30,Pendiente,168
50,293,2025-03-23,Pendiente,1294
51,425,2025-05-07,Completado,614
52,1189,2024-09-26,Pendiente,1236
53,911,2025-04-25,Completado,1491
54,527,2025-04-26,En Proceso,358
55,1223,2025-04-22,En Proceso,755
56,227,2025-06-05,En Proceso,1186
57,1110,2025-03-17,Pendiente,297
58,1235,2024-12-08,Completado,806
59,1454,2024-07-17,Pendiente,855
60,386,2024-12-26,Pendiente,455
61,796,2025-02-25,Pendiente,886
62,1307,2025-02-21,En Proceso,162
63,647,2025-04-26,Completado,95
64,255,2025-01-09,Completado,1047
65,95,2025-03-04,Pendiente,383
66,1302,2024-07-08,Completado,720
67,839,2025-04-19,En Proceso,215
68,312,2024-12-27,Completado,719
69,1147,2024-08-26,Pendiente,483
70,1281,2024-10-24,En Proceso,288
71,978,2024-07-22,Pendiente,913
72,1494,2025-03-04,En Proceso,1001
73,656,2025-03-16,Completado,742
74,1326,2025-03-09,Pendiente,127
75,775,2024-09-29,En Proceso,425
76,804,2024-11-28,Pendiente,953
77,49,2025-01-19,Completado,1342
78,93,2025-04-17,Completado,646
79,669,2024-12-28,Completado,742
80,848,2024-11-11,Completado,961
81,1081,2024-11-25,En Proceso,218
82,1140,2024-10-14,Completado,594
83,185,2025-01-15,Completado,1317
84,259,2025-03-31,En Proceso,383
85,363,2025-03-31,Pendiente,1228
86,486,2024-11-11,Completado,13
87,315,2025-01-27,Completado,341
88,183,2024-10-10,Pendiente,347
89,1433,2024-08-28,Pendiente,315
90,1062,2024-06-19,Completado,119
91,1117,2024-08-05,En Proceso,987
92,1311,2024-08-04,Pendiente,1426
93,710,2024-10-06,Completado,935
94,960,2024-09-05,En Proceso,118
95,1321,2024-10-11,En Proceso,805
96,1073,2024-12-24,En Proceso,477
97,491,2024-08-13,Pendiente,1339
98,1025,2024-07-16,Completado,822
99,1184,2025-02-07,Pendiente,158
100,1286,2024-10-24,Pendiente,862
101,140,2025-01-15,Pendiente,643
102,666,2024-10-02,Pendiente,200
103,174,2024-06-28,Completado,741
104,50,2024-12-22,Pendiente,904
105,1415,2024-08-11,Completado,1199
106,2,2025-01-20,Pendiente,1460
107,1346,2024-08-09,Completado,593
108,1136,2024-08-01,Pendiente,872
109,857,2025-03-07,En Proceso,995
110,999,2024-08-06,Pendiente,1097
111,981,2025-03-26,Completado,1080
112,339,2024-07-11,En Proceso,765
113,1299,2024-10-16,En Proceso,459
114,842,2024-11-16,Pendiente,1216
115,941,2025-05-02,Completado,1361
116,405,2025-06-09,En Proceso,1399
117,68,2024-12-11,En Proceso,1022
118,1341,2024-11-17,Completado,28
119,14,2024-08-31,En Proceso,553
120,367,2025-04-06,Completado,1384
121,161,2024-11-26,Completado,443
122,218,2024-06-26,En Proceso,452
123,681,2025-06-08,Pendiente,416
124,1435,2025-04-29,Pendiente,315
125,1305,2025-03-07,En Proceso,1091
126,1035,2025-01-12,Pendiente,216
127,1111,2024-07-28,Pendiente,604
128,470,2024-11-14,En Proceso,283
129,134,2024-08-07,En Proceso,1338
130,794,2024-06-24,En Proceso,240
131,960,2024-12-23,En Proceso,857
132,1076,2024-06-25,En Proceso,243
133,1462,2024-06-22,Pendiente,71
134,120,2024-06-25,Pendiente,610
135,806,2024-09-19,Pendiente,714
136,349,2025-04-25,Completado,240
137,1192,2025-01-11,En Proceso,62
138,237,2024-12-13,Pendiente,1352
139,1451,2025-05-15,Completado,162
140,687,2024-08-21,En Proceso,1328
141,1378,2024-09-10,Pendiente,1383
142,1142,2024-08-12,Pendiente,636
143,585,2024-08-03,Pendiente,1412
144,1218,2024-10-14,En Proceso,102
145,504,2025-04-03,Completado,694
146,671,2025-02-11,Completado,889
147,1218,2024-07-08,Pendiente,839
148,62,2025-03-16,En Proceso,952
149,991,2024-09-23,Pendiente,1368
150,416,2025-04-30,Completado,1357
151,26,2025-05-15,En Proceso,267
152,264,2025-06-08,En Proceso,1009
153,1024,2025-05-07,Pendiente,630
154,1197,2025-03-01,Pendiente,164
155,196,2024-12-13,Pendiente,348
156,989,2024-10-10,En Proceso,1169
157,493,2024-07-07,Completado,1483
158,504,2024-10-18,Pendiente,1070
159,1363,2024-10-28,En Proceso,987
160,1374,2025-02-19,Completado,164
161,2,2025-05-23,Pendiente,1101
162,606,2024-09-02,En Proceso,777
163,250,2025-01-27,En Proceso,429
164,1119,2024-11-08,En Proceso,1281
165,507,2024-07-11,En Proceso,899
166,89,2024-07-05,Completado,19
167,189,2025-04-11,Pendiente,819
168,114,2025-04-16,Pendiente,45
169,855,2025-04-13,Completado,1201
170,123,2024-09-18,Completado,82
171,1363,2024-10-31,En Proceso,905
172,1296,2025-04-23,Pendiente,821
173,1476,2024-12-02,Pendiente,723
174,96,2025-05-11,Completado,1430
175,638,2025-04-01,Completado,832
176,1262,2025-03-16,Completado,280
177,33,2025-05-07,Completado,746
178,306,2024-10-07,Pendiente,1425
179,121,2025-01-29,Completado,899
180,1200,2024-08-27,Pendiente,757
181,1213,2024-06-19,Pendiente,1321
182,985,2024-08-28,En Proceso,1071
183,1142,2025-02-12,Completado,1199
184,481,2024-07-11,En Proceso,69
185,317,2024-12-31,En Proceso,1391
186,652,2025-06-07,Completado,796
187,1120,2024-08-19,Completado,432
188,151,2024-07-20,Pendiente,508
189,339,2024-09-03,En Proceso,1053
190,672,2025-02-02,En Proceso,185
191,508,2024-10-18,En Proceso,85
192,1146,2025-04-02,En Proceso,915
193,927,2025-03-05,Completado,491
194,376,2024-10-20,Pendiente,1476
195,731,2025-05-18,Pendiente,1268
196,1211,2025-01-30,Completado,1401
197,1442,2024-07-12,En Proceso,590
198,1373,2024-08-14,Pendiente,876
199,794,2025-01-23,En Proceso,572
200,1276,2025-01-20,Completado,952
201,59,2025-01-27,Completado,948
202,1038,2025-01-09,En Proceso,837
203,282,2024-11-06,En Proceso,1369
204,448,2025-02-06,En Proceso,660
205,658,2025-03-12,En Proceso,920
206,1046,2025-01-22,Completado,700
207,756,2024-11-13,En Proceso,881
208,1144,2025-04-08,En Proceso,1164
209,518,2024-12-23,En Proceso,970
210,1332,2024-07-15,En Proceso,322
211,55,2025-02-22,En Proceso,135
212,693,2024-08-12,Completado,252
213,303,2024-12-29,Pendiente,1227
214,405,2025-04-19,Pendiente,1147
215,499,2025-06-09,En Proceso,447
216,308,2024-11-11,En Proceso,869
217,994,2025-01-16,En Proceso,774
218,1444,2025-03-29,Completado,1086
219,331,2025-03-21,Pendiente,1159
220,1247,2024-06-30,En Proceso,1387
221,619,2025-06-11,En Proceso,829
222,469,2025-02-28,Pendiente,628
223,1136,2024-10-28,Pendiente,858
224,1153,2024-09-24,En Proceso,1050
225,1255,2024-10-20,Pendiente,53
226,1350,2024-09-10,Completado,1037
227,469,2025-04-13,En Proceso,448
228,748,2025-01-17,Completado,374
229,647,2024-10-13,Pendiente,1471
230,1399,2024-06-28,En Proceso,213
231,786,2025-03-25,Completado,1034
232,394,2025-02-15,En Proceso,152
233,1282,2024-09-24,Pendiente,269
234,81,2024-12-17,Pendiente,248
235,49,2025-06-09,Completado,446
236,1208,2025-04-07,Pendiente,803
237,1334,2025-05-08,En Proceso,279
238,48,2024-12-12,Pendiente,238
239,865,2024-07-07,En Proceso,434
240,764,2024-08-03,Completado,1235
241,929,2025-05-04,En Proceso,1301
242,1145,2024-09-23,Completado,1500
243,1078,2024-10-21,En Proceso,1320
244,111,2025-03-29,Completado,112
245,952,2024-12-25,En Proceso,567
246,628,2025-04-20,Pendiente,943
247,86,2025-02-02,Pendiente,220
248,100,2024-11-13,En Proceso,1428
249,866,2024-07-25,Completado,527
250,536,2025-01-09,Completado,525
251,784,2025-02-12,En Proceso,241
252,1350,2024-07-11,En Proceso,1215
253,811,2024-10-16,Completado,1436
254,1074,2025-03-27,Pendiente,695
255,317,2024-07-02,En Proceso,1344
256,3,2025-01-31,En Proceso,11
257,1080,2024-08-19,En Proceso,833
258,899,2025-04-09,Pendiente,1385
259,423,2024-12-10,Completado,1104
260,319,2024-08-16,Completado,626
261,743,2024-08-18,Pendiente,953
262,1306,2025-03-04,En Proceso,52
263,585,2024-07-04,Pendiente,583
264,508,2025-03-25,En Proceso,767
265,1388,2024-09-01,En Proceso,751
266,447,2024-11-25,Pendiente,1485
267,1308,2025-06-01,Pendiente,1457
268,1473,2025-03-04,Pendiente,446
269,1137,2024-08-22,Completado,1477
270,959,2025-05-07,Completado,589
271,698,2024-08-10,Completado,291
272,1209,2024-07-19,Pendiente,387
273,1075,2024-09-11,Completado,515
274,314,2025-02-22,Completado,934
275,501,2025-02-10,Pendiente,833
276,41,2024-08-15,Completado,330
277,392,2024-07-03,Pendiente,625
278,1482,2024-08-03,Completado,598
279,376,2024-11-22,Pendiente,591
280,484,2025-03-19,Pendiente,1077
281,1345,2024-09-14,En Proceso,253
282,1377,2024-11-06,Completado,893
283,317,2024-06-26,Completado,1180
284,293,2025-06-04,En Proceso,1499
285,907,2025-06-16,Completado,1054
286,1170,2024-12-17,En Proceso,978
287,709,2024-07-16,Completado,228
288,935,2024-07-01,Pendiente,1173
289,1477,2024-11-23,Completado,420
290,113,2024-10-12,Completado,978
291,501,2025-03-05,En Proceso,248
292,671,2024-10-12,Completado,662
293,595,2025-03-26,Completado,718
294,1173,2025-03-03,Completado,294
295,263,2025-02-09,Completado,206
296,1076,2025-03-08,En Proceso,1247
297,242,2025-02-15,En Proceso,400
298,857,2024-10-09,En Proceso,36
299,329,2024-09-22,En Proceso,654
300,111,2024-07-30,En Proceso,596
301,530,2025-06-16,Completado,962
302,807,2025-03-21,Pendiente,97
303,56,2024-10-11,Pendiente,748
304,700,2025-03-30,Pendiente,1053
305,1321,2025-05-14,Pendiente,805
306,1253,2025-05-21,En Proceso,933
307,832,2025-03-01,Pendiente,222
308,33,2025-06-11,En Proceso,1489
309,1469,2025-03-28,Completado,457
310,702,2025-04-13,Pendiente,581
311,1378,2024-08-25,Pendiente,969
312,695,2025-05-20,Completado,1191
313,1115,2024-07-21,En Proceso,782
314,591,2025-01-31,En Proceso,783
315,346,2024-06-23,Completado,1407
316,273,2024-10-07,En Proceso,521
317,1105,2024-11-02,Pendiente,1477
318,384,2025-01-26,Completado,810
319,1326,2025-02-22,En Proceso,52
320,437,2024-07-14,Completado,18
321,133,2024-12-14,En Proceso,204
322,1123,2024-11-08,Pendiente,491
323,963,2024-12-28,En Proceso,775
324,542,2025-02-08,En Proceso,623
325,630,2025-06-07,Completado,519
326,972,2024-09-14,Pendiente,158
327,1050,2025-02-02,En Proceso,1000
328,511,2024-11-17,Pendiente,801
329,635,2025-03-04,Completado,26
330,1360,2025-01-08,Completado,529
331,1329,2024-12-05,Pendiente,112
332,290,2025-03-13,En Proceso,42
333,414,2025-02-03,Completado,644
334,173,2025-01-27,Pendiente,1464
335,1273,2025-01-02,En Proceso,834
336,352,2024-08-05,En Proceso,425
337,1436,2025-02-23,En Proceso,651
338,165,2025-06-03,Pendiente,86
339,145,2024-08-06,En Proceso,915
340,924,2024-07-24,Pendiente,115
341,556,2024-11-23,Pendiente,455
342,448,2025-03-24,En Proceso,95
343,757,2024-10-12,En Proceso,942
344,517,2024-09-04,Completado,1402
345,62,2024-11-14,Completado,703
346,132,2025-01-16,Pendiente,1369
347,1359,2024-09-23,Completado,442
348,1337,2024-11-01,En Proceso,657
349,642,2024-07-15,Completado,31
350,1384,2025-02-13,Pendiente,797
351,1028,2025-04-13,En Proceso,640
352,134,2024-06-22,Pendiente,376
353,1357,2024-10-16,Pendiente,1157
354,1100,2025-06-04,Completado,549
355,1012,2025-01-10,En Proceso,976
356,1323,2024-07-19,En Proceso,1205
357,867,2025-06-13,Pendiente,1183
358,284,2025-03-29,Completado,173
359,41,2025-04-21,En Proceso,1091
360,1465,2025-05-10,En Proceso,1003
361,597,2024-08-20,Completado,497
362,401,2025-04-13,Pendiente,1479
363,571,2025-01-26,Pendiente,1346
364,96,2024-09-12,Completado,585
365,1016,2025-04-07,En Proceso,1145
366,1235,2024-07-18,Pendiente,1146
367,979,2025-06-10,Pendiente,557
368,239,2025-01-23,En Proceso,1380
369,759,2024-12-20,Completado,829
370,797,2025-01-17,Completado,1089
371,393,2025-04-26,En Proceso,67
372,241,2025-02-14,Completado,156
373,1208,2025-04-15,Pendiente,319
374,594,2024-10-24,Completado,1345
375,742,2025-06-05,En Proceso,529
376,1341,2024-11-09,Completado,30
377,782,2025-03-16,Completado,880
378,851,2024-08-18,Pendiente,1460
379,198,2025-01-23,En Proceso,589
380,1289,2025-03-21,Pendiente,146
381,1133,2024-09-07,En Proceso,1412
382,278,2024-11-14,En Proceso,600
383,1481,2024-10-11,En Proceso,764
384,1152,2025-03-14,En Proceso,1347
385,290,2025-03-13,Pendiente,135
386,734,2025-05-29,En Proceso,1286
387,1148,2024-08-18,En Proceso,918
388,1456,2025-04-10,En Proceso,1438
389,69,2025-02-25,Pendiente,482
390,1072,2024-06-23,En Proceso,53
391,463,2024-10-20,Completado,828
392,474,2025-03-04,En Proceso,1258
393,227,2024-09-08,En Proceso,966
394,1368,2024-07-18,En Proceso,1042
395,1283,2025-04-11,En Proceso,130
396,613,2024-07-24,Completado,10
397,204,2024-08-23,Pendiente,445
398,664,2025-04-24,En Proceso,588
399,219,2024-11-04,Pendiente,212
400,1243,2024-11-10,Pendiente,114
401,327,2024-10-05,Pendiente,56
402,948,2024-10-22,Pendiente,399
403,1469,2025-05-20,Completado,278
404,513,2025-01-05,Pendiente,380
405,413,2025-02-02,Pendiente,922
406,464,2024-10-03,En Proceso,1182
407,1423,2024-12-29,Pendiente,487
408,984,2024-09-09,En Proceso,580
409,11,2025-05-03,Pendiente,478
410,223,2024-10-12,En Proceso,1262
411,820,2025-06-07,Completado,1414
412,834,2025-06-03,En Proceso,228
413,1031,2025-06-09,En Proceso,293
414,1241,2025-05-03,En Proceso,1381
415,1378,2024-08-11,Completado,303
416,1028,2024-09-30,Pendiente,837
417,1316,2024-07-13,En Proceso,738
418,242,2024-09-06,Pendiente,67
419,1315,2024-11-28,Pendiente,340
420,500,2025-01-17,Pendiente,1167
421,423,2024-10-02,En Proceso,476
422,48,2024-10-06,Completado,1472
423,576,2025-01-04,En Proceso,95
424,1149,2024-07-09,Completado,131
425,1133,2025-06-12,En Proceso,1446
426,372,2025-02-24,En Proceso,71
427,647,2025-01-26,Pendiente,158
428,423,2025-03-22,Completado,457
429,687,2024-06-27,En Proceso,1129
430,764,2024-09-27,Completado,886
431,1004,2024-11-04,En Proceso,1402
432,468,2024-11-21,En Proceso,140
433,1310,2025-06-10,En Proceso,86
434,199,2025-04-22,Completado,1300
435,1402,2025-04-15,Pendiente,166
436,424,2024-10-13,Pendiente,1435
437,1193,2025-02-20,Pendiente,1222
438,530,2025-04-30,Pendiente,1225
439,520,2025-03-26,Completado,980
440,201,2024-11-27,Pendiente,799
441,308,2024-09-27,Completado,1234
442,875,2025-04-03,Pendiente,361
443,488,2024-09-28,Pendiente,557
444,562,2025-06-13,En Proceso,159
445,242,2024-11-24,Pendiente,114
446,452,2025-05-14,Pendiente,532
447,106,2024-12-06,Pendiente,146
448,413,2024-11-01,En Proceso,119
449,279,2024-12-27,Pendiente,820
450,299,2024-11-03,Completado,652
451,228,2025-06-01,En Proceso,1289
452,976,2024-12-24,Pendiente,964
453,1256,2025-01-26,Pendiente,232
454,857,2025-02-23,Pendiente,172
455,633,2024-06-26,Completado,545
456,1011,2025-01-18,Completado,1041
457,872,2025-04-07,Completado,1279
458,1481,2025-01-05,En Proceso,666
459,1309,2024-08-24,Completado,404
460,1025,2025-02-09,Pendiente,36
461,345,2024-08-22,Completado,1319
462,161,2025-05-14,En Proceso,1467
463,1386,2025-06-16,En Proceso,370
464,1337,2025-01-02,Pendiente,89
465,1145,2024-12-10,En Proceso,460
466,100,2024-08-31,En Proceso,364
467,123,2024-10-25,Completado,181
468,816,2025-04-26,Pendiente,1448
469,246,2025-04-11,Pendiente,1134
470,901,2024-11-30,Pendiente,954
471,209,2024-12-27,Pendiente,1163
472,889,2024-07-29,En Proceso,331
473,1102,2025-03-26,Pendiente,1304
474,1216,2025-06-08,En Proceso,644
475,1021,2024-07-15,En Proceso,581
476,1266,2025-03-09,En Proceso,222
477,932,2025-05-12,Pendiente,878
478,600,2024-09-17,En Proceso,1440
479,1212,2024-10-26,Pendiente,387
480,1027,2024-10-12,Pendiente,261
481,569,2025-05-26,Pendiente,1067
482,862,2025-05-29,Pendiente,1451
483,1095,2024-07-12,Pendiente,140
484,529,2024-12-17,En Proceso,1314
485,1230,2024-10-29,En Proceso,1032
486,534,2025-05-10,En Proceso,418
487,587,2025-04-27,Completado,277
488,1308,2025-05-27,Completado,930
489,1420,2024-06-24,Pendiente,105
490,1203,2025-01-12,Completado,1231
491,303,2025-04-03,Completado,1352
492,1418,2025-02-17,Completado,380
493,606,2024-08-23,En Proceso,1327
494,1162,2025-02-14,Completado,244
495,1410,2024-07-31,Completado,482
496,613,2025-05-24,Pendiente,883
497,512,2024-07-13,En Proceso,106
498,849,2024-11-13,En Proceso,1058
499,779,2024-12-24,Completado,324
500,965,2025-04-25,En Proceso,1417
501,156,2025-04-28,Pendiente,584
502,354,2025-01-31,Completado,416
503,325,2024-11-29,Completado,926
504,1085,2024-12-09,Completado,850
505,1234,2025-03-06,En Proceso,386
506,942,2024-06-26,Completado,1349
507,1442,2025-01-13,En Proceso,569
508,1148,2025-01-13,En Proceso,45
509,78,2024-12-02,Completado,526
510,1341,2025-01-16,Completado,842
511,448,2024-09-19,En Proceso,144
512,1039,2025-05-03,Completado,1262
513,1134,2025-05-19,Completado,527
514,467,2024-12-16,Completado,1333
515,561,2024-08-01,Pendiente,422
516,1340,2025-06-11,Pendiente,1132
517,847,2024-06-24,Pendiente,939
518,691,2025-02-22,En Proceso,707
519,202,2024-11-13,En Proceso,961
520,526,2025-03-11,En Proceso,119
521,158,2024-09-30,Completado,1327
522,390,2024-07-14,Completado,892
523,785,2025-03-25,En Proceso,258
524,1260,2024-12-25,Pendiente,57
525,1155,2024-10-27,En Proceso,898
526,938,2024-11-07,En Proceso,907
527,866,2025-05-03,Pendiente,1260
528,322,2025-02-10,En Proceso,63
529,1335,2025-05-07,Pendiente,937
530,114,2024-10-28,Completado,1039
531,1028,2025-02-16,Completado,1147
532,485,2025-02-10,Completado,522
533,899,2024-07-27,Completado,208
534,893,2025-04-01,Completado,102
535,1464,2024-07-24,Completado,1165
536,1383,2025-04-05,En Proceso,286
537,848,2025-02-08,En Proceso,1248
538,1077,2024-10-16,En Proceso,49
539,755,2025-05-14,Pendiente,796
540,1364,2024-10-18,Completado,955
541,583,2025-01-05,En Proceso,639
542,744,2025-02-21,En Proceso,8
543,1290,2025-05-21,Pendiente,1076
544,806,2025-04-07,Pendiente,695
545,5,2025-06-09,Completado,1492
546,631,2024-10-09,Completado,298
547,682,2024-09-25,Completado,1479
548,133,2024-08-26,Pendiente,1155
549,480,2024-12-15,Pendiente,1349
550,1337,2024-10-26,En Proceso,1479
551,1081,2025-01-28,Completado,1301
552,499,2025-04-21,Pendiente,453
553,175,2024-12-15,Completado,418
554,328,2025-05-23,Pendiente,1006
555,438,2024-10-31,Pendiente,1177
556,809,2025-05-03,Pendiente,1245
557,235,2025-04-15,Completado,477
558,1453,2024-09-21,En Proceso,1480
559,309,2024-12-31,Completado,179
560,1497,2024-12-06,En Proceso,1091
561,527,2024-11-20,En Proceso,431
562,426,2024-09-24,Pendiente,108
563,109,2025-02-02,En Proceso,1210
564,79,2025-04-11,Pendiente,115
565,73,2025-01-16,En Proceso,982
566,132,2024-07-02,Completado,81
567,1480,2024-11-06,Pendiente,27
568,778,2024-11-24,En Proceso,611
569,403,2025-01-25,Pendiente,953
570,839,2025-03-27,Pendiente,779
571,465,2025-02-17,Pendiente,426
572,69,2024-07-31,Completado,555
573,818,2025-03-24,Pendiente,234
574,6,2025-05-20,Completado,993
575,419,2024-11-24,Completado,1093
576,1487,2024-12-22,Pendiente,717
577,805,2024-09-13,Pendiente,730
578,243,2024-11-12,Completado,359
579,1145,2024-08-21,Completado,1033
580,1213,2025-04-13,Completado,1056
581,966,2024-09-22,Completado,1386
582,665,2025-01-02,Completado,193
583,56,2024-11-15,Completado,1392
584,1320,2025-04-04,En Proceso,1108
585,1130,2024-12-04,Completado,1036
586,1418,2025-03-22,Completado,176
587,713,2024-12-10,Pendiente,729
588,1426,2024-11-04,En Proceso,52
589,44,2025-04-13,Completado,179
590,247,2025-03-21,En Proceso,1356
591,983,2025-01-13,Pendiente,242
592,199,2025-03-25,Completado,1454
593,868,2025-03-13,Completado,1311
594,137,2024-10-05,Pendiente,539
595,471,2024-10-03,En Proceso,961
596,232,2025-02-20,En Proceso,163
597,548,2024-07-27,Completado,560
598,145,2025-04-12,Completado,283
599,681,2024-06-21,En Proceso,775
600,919,2024-06-24,Pendiente,773
601,954,2024-12-03,Pendiente,1266
602,238,2025-05-23,En Proceso,73
603,96,2025-01-10,Completado,466
604,669,2024-10-03,En Proceso,341
605,620,2024-06-24,En Proceso,236
606,1211,2024-09-03,Pendiente,1431
607,717,2025-04-17,En Proceso,1152
608,1129,2025-05-30,Completado,1317
609,1011,2024-08-02,Completado,686
610,1403,2025-03-15,Pendiente,898
611,464,2024-10-20,Completado,913
612,1182,2025-05-03,En Proceso,610
613,466,2024-12-06,Pendiente,937
614,260,2024-12-21,Completado,281
615,543,2024-07-30,Pendiente,111
616,1123,2024-07-08,En Proceso,798
617,922,2025-06-05,En Proceso,177
618,526,2024-11-26,Completado,1234
619,462,2024-12-08,Completado,1273
620,942,2024-09-24,En Proceso,833
621,56,2025-01-27,En Proceso,663
622,1396,2025-03-14,En Proceso,966
623,505,2025-05-10,Completado,250
624,953,2025-03-09,Completado,529
625,426,2025-05-03,Completado,777
626,1268,2024-06-21,Completado,631
627,73,2025-05-25,En Proceso,427
628,112,2025-04-21,Pendiente,1338
629,868,2025-02-16,En Proceso,489
630,544,2025-03-08,En Proceso,1043
631,1484,2025-04-15,En Proceso,906
632,270,2024-11-10,En Proceso,117
633,440,2024-07-07,Completado,1043
634,405,2025-05-09,En Proceso,1308
635,1497,2024-10-09,Pendiente,1055
636,7,2024-07-27,Pendiente,555
637,991,2025-02-02,Completado,358
638,944,2024-09-20,Pendiente,708
639,656,2024-12-20,Pendiente,1468
640,675,2024-07-30,Pendiente,672
641,1220,2025-01-04,Completado,468
642,741,2024-07-21,Pendiente,816
643,67,2025-02-23,Completado,1082
644,75,2025-02-02,En Proceso,1087
645,871,2024-09-05,Pendiente,921
646,749,2025-01-17,Pendiente,1464
647,1339,2025-02-16,En Proceso,376
648,164,2024-06-24,Completado,980
649,863,2024-08-27,Pendiente,1114
650,1149,2024-06-22,En Proceso,1496
651,1460,2024-12-02,Completado,1057
652,779,2024-08-22,Pendiente,413
653,697,2024-11-08,Completado,968
654,862,2024-09-23,En Proceso,257
655,988,2025-05-16,Pendiente,101
656,295,2024-10-07,Completado,1250
657,1386,2025-03-04,En Proceso,1272
658,591,2024-12-02,Completado,293
659,605,2024-07-12,Pendiente,249
660,984,2025-03-08,En Proceso,824
661,809,2024-10-24,Completado,130
662,951,2025-02-22,Completado,676
663,599,2024-08-06,Pendiente,104
664,839,2025-02-04,En Proceso,241
665,1393,2024-11-21,Completado,76
666,1197,2024-06-29,Pendiente,703
667,390,2024-09-22,En Proceso,708
668,1449,2024-06-24,Pendiente,720
669,1352,2024-09-11,Completado,570
670,790,2025-02-14,Completado,552
671,266,2025-02-19,Completado,855
672,799,2025-03-22,Pendiente,190
673,897,2025-06-09,Pendiente,1049
674,74,2024-07-15,Pendiente,897
675,1081,2024-12-12,Pendiente,1289
676,1499,2024-08-21,Completado,534
677,668,2024-09-08,Pendiente,212
678,58,2025-05-28,Pendiente,564
679,1204,2024-12-01,Pendiente,1254
680,646,2025-02-17,Completado,877
681,936,2025-02-05,Pendiente,347
682,1338,2025-05-03,Completado,858
683,1212,2024-12-09,Pendiente,30
684,1316,2024-11-22,Completado,1347
685,1308,2024-08-08,Completado,613
686,1353,2024-11-10,Completado,445
687,1192,2025-05-12,En Proceso,368
688,946,2024-08-05,Completado,1247
689,718,2024-12-09,Completado,13
690,266,2024-11-11,Pendiente,1326
691,68,2025-06-03,Completado,677
692,1254,2024-07-17,En Proceso,385
693,977,2025-06-06,En Proceso,370
694,793,2025-01-10,Pendiente,274
695,1263,2025-01-15,Completado,540
696,1311,2024-06-30,Completado,199
697,1173,2024-12-10,Completado,893
698,774,2025-05-29,En Proceso,1485
699,506,2024-08-27,En Proceso,1477
700,1276,2024-07-28,Pendiente,154
701,306,2024-06-25,En Proceso,59
702,101,2024-12-31,Pendiente,384
703,485,2024-08-05,Pendiente,299
704,132,2024-10-15,Completado,492
705,215,2024-08-24,Completado,1237
706,692,2024-10-07,Pendiente,883
707,329,2024-10-17,En Proceso,908
708,831,2024-10-03,En Proceso,798
709,474,2025-02-21,Completado,1144
710,1103,2024-10-01,En Proceso,1328
711,154,2024-12-04,Pendiente,894
712,262,2024-11-03,En Proceso,2
713,76,2024-10-20,Completado,1389
714,329,2024-12-26,Completado,1029
715,1069,2025-05-01,En Proceso,264
716,890,2025-05-22,Pendiente,1012
717,1394,2024-08-08,En Proceso,793
718,1343,2024-08-15,En Proceso,950
719,1223,2024-06-21,En Proceso,1237
720,717,2025-01-17,Completado,546
721,1172,2025-04-13,En Proceso,1268
722,934,2025-01-03,Completado,299
723,40,2024-10-13,En Proceso,867
724,250,2024-09-21,En Proceso,900
725,528,2024-11-08,Pendiente,1179
726,864,2025-05-04,Pendiente,637
727,640,2024-07-28,En Proceso,1462
728,1473,2024-12-16,Completado,1129
729,1251,2024-08-18,Pendiente,1235
730,1329,2025-05-07,Completado,354
731,12,2024-11-16,En Proceso,160
732,117,2024-07-25,Pendiente,601
733,1250,2025-03-22,En Proceso,712
734,1346,2024-07-25,Completado,913
735,793,2025-05-16,Pendiente,975
736,403,2025-04-20,En Proceso,616
737,110,2024-09-20,En Proceso,291
738,237,2025-01-04,En Proceso,555
739,285,2025-04-14,En Proceso,47
740,1327,2024-08-23,Pendiente,587
741,547,2024-07-14,En Proceso,284
742,638,2025-02-16,En Proceso,815
743,589,2024-09-06,Completado,268
744,1095,2024-10-18,Pendiente,1443
745,202,2025-04-04,En Proceso,1308
746,24,2024-10-30,Completado,673
747,1352,2024-09-19,Pendiente,376
748,379,2024-09-29,Pendiente,210
749,731,2024-08-23,Pendiente,650
750,706,2025-03-19,Pendiente,1386
751,980,2025-01-04,Completado,720
752,589,2025-03-29,En Proceso,232
753,1409,2025-05-19,Pendiente,408
754,291,2024-07-25,Pendiente,257
755,1065,2024-07-04,Pendiente,1405
756,282,2025-02-13,Completado,931
757,786,2024-07-17,En Proceso,1274
758,1180,2024-06-19,Pendiente,1394
759,146,2024-06-30,En Proceso,289
760,881,2024-09-30,Completado,659
761,939,2025-03-18,En Proceso,762
762,1040,2025-03-30,Completado,1343
763,637,2025-03-12,Completado,417
764,1076,2025-03-30,En Proceso,440
765,808,2025-03-09,Completado,498
766,311,2024-07-05,Completado,560
767,717,2025-05-12,Completado,1348
768,868,2025-06-02,Completado,402
769,1321,2024-10-07,En Proceso,635
770,551,2025-02-10,Pendiente,747
771,1178,2024-10-18,Completado,372
772,611,2025-06-09,En Proceso,392
773,699,2024-06-25,En Proceso,1017
774,1090,2025-01-19,En Proceso,1419
775,160,2024-10-03,Pendiente,1108
776,1064,2024-10-29,En Proceso,1297
777,253,2024-11-21,Pendiente,1437
778,161,2025-06-06,Completado,1184
779,895,2024-10-16,Pendiente,830
780,1041,2025-01-23,En Proceso,1040
781,465,2025-04-29,Completado,1038
782,350,2025-05-01,Completado,1064
783,346,2024-08-22,En Proceso,353
784,1162,2025-05-08,Pendiente,1466
785,1096,2025-03-03,En Proceso,1373
786,846,2025-03-08,Pendiente,1458
787,418,2024-07-13,En Proceso,1439
788,101,2024-11-21,Completado,807
789,844,2024-11-11,En Proceso,575
790,33,2024-07-28,En Proceso,670
791,400,2024-07-15,Pendiente,934
792,1094,2025-02-12,En Proceso,572
793,1470,2024-06-28,Completado,1029
794,853,2024-10-09,Pendiente,411
795,332,2025-03-22,En Proceso,850
796,329,2024-07-13,Pendiente,833
797,44,2025-04-19,Pendiente,881
798,849,2024-07-01,Pendiente,1124
799,857,2024-07-12,Pendiente,1238
800,149,2025-01-08,Completado,331
801,432,2024-12-21,Completado,7
802,1368,2024-11-29,Pendiente,920
803,751,2025-02-14,Pendiente,1153
804,530,2024-09-25,En Proceso,1396
805,781,2025-04-01,Pendiente,150
806,85,2025-05-24,Pendiente,1141
807,1216,2024-08-15,En Proceso,1393
808,622,2025-05-03,Pendiente,1462
809,977,2025-02-11,En Proceso,1361
810,844,2025-02-03,Completado,302
811,975,2025-02-03,Completado,428
812,303,2025-05-22,Completado,1037
813,1221,2024-09-05,Pendiente,1251
814,661,2024-12-09,Completado,220
815,1478,2025-03-13,Completado,214
816,836,2024-12-30,En Proceso,752
817,375,2025-05-20,En Proceso,1486
818,665,2025-06-17,Completado,140
819,721,2024-08-10,En Proceso,343
820,631,2024-09-30,En Proceso,521
821,974,2025-05-21,Pendiente,681
822,590,2024-10-22,En Proceso,166
823,965,2024-11-29,En Proceso,221
824,171,2024-08-23,Completado,1445
825,43,2024-12-10,En Proceso,1023
826,861,2025-06-01,Pendiente,659
827,244,2024-06-30,Pendiente,1325
828,900,2024-09-16,Completado,614
829,1184,2025-02-07,Completado,1117
830,1333,2024-11-13,Completado,321
831,93,2025-05-08,Pendiente,211
832,253,2024-10-03,En Proceso,155
833,263,2025-01-28,Completado,50
834,64,2025-03-07,Pendiente,1461
835,1271,2024-07-05,En Proceso,939
836,472,2024-09-12,En Proceso,533
837,1065,2024-10-09,Pendiente,1321
838,839,2024-07-11,Pendiente,228
839,170,2024-10-13,En Proceso,299
840,1485,2025-03-15,Completado,459
841,605,2025-02-04,Pendiente,256
842,1486,2024-07-09,Completado,870
843,789,2024-09-11,En Proceso,231
844,394,2024-12-21,En Proceso,971
845,276,2024-10-13,Completado,1319
846,20,2024-12-31,En Proceso,215
847,1380,2024-11-11,Pendiente,1173
848,158,2025-02-16,Completado,190
849,295,2025-06-05,Pendiente,83
850,941,2024-11-18,En Proceso,1042
851,1357,2024-06-17,Completado,1416
852,1297,2025-01-29,Completado,677
853,539,2024-09-17,Pendiente,87
854,1009,2024-10-30,Pendiente,1171
855,405,2024-09-09,En Proceso,527
856,1287,2025-03-14,En Proceso,446
857,738,2024-11-25,Pendiente,260
858,183,2024-07-25,Completado,920
859,792,2024-12-10,En Proceso,1161
860,1138,2024-09-23,En Proceso,753
861,221,2024-08-25,Completado,194
862,329,2025-03-28,En Proceso,1120
863,10,2025-05-05,Pendiente,455
864,895,2024-10-18,Completado,649
865,906,2025-01-06,En Proceso,429
866,63,2025-05-12,En Proceso,1259
867,656,2024-12-07,En Proceso,113
868,1091,2024-12-27,Completado,638
869,1136,2024-09-30,Completado,1379
870,1287,2025-02-09,En Proceso,253
871,639,2024-06-19,Pendiente,667
872,1287,2025-01-01,En Proceso,1428
873,734,2024-07-02,En Proceso,1319
874,664,2025-04-30,Completado,1027
875,400,2025-01-10,Pendiente,670
876,915,2025-01-13,Completado,337
877,1201,2024-12-16,En Proceso,1376
878,1163,2024-08-13,Completado,450
879,476,2025-02-09,Completado,27
880,1135,2024-12-13,En Proceso,152
881,407,2025-05-06,Pendiente,335
882,1148,2024-12-01,Pendiente,941
883,1063,2024-12-11,Pendiente,1474
884,1250,2024-12-05,Pendiente,111
885,981,2025-02-12,Completado,96
886,805,2024-12-16,Completado,40
887,927,2024-07-03,Completado,603
888,1085,2025-03-16,Pendiente,582
889,1441,2024-09-28,Completado,1238
890,1084,2025-02-27,Completado,1245
891,1373,2024-09-24,Completado,312
892,626,2025-04-09,En Proceso,400
893,1173,2024-11-12,Pendiente,251
894,1143,2025-03-10,Completado,1331
895,501,2024-07-13,Pendiente,590
896,1407,2025-01-27,Pendiente,883
897,396,2025-03-15,En Proceso,633
898,1354,2025-05-02,Completado,247
899,505,2024-10-11,Completado,1027
900,1231,2024-12-13,Pendiente,145
901,429,2025-04-08,Completado,1453
902,242,2025-04-06,Completado,35
903,676,2025-01-06,Completado,1170
904,1365,2024-08-08,Pendiente,531
905,847,2025-03-17,En Proceso,1147
906,454,2024-06-29,Completado,952
907,672,2024-06-23,Pendiente,656
908,763,2024-11-21,Pendiente,1236
909,273,2024-10-30,En Proceso,121
910,35,2025-03-21,Completado,1282
911,1174,2025-04-03,Pendiente,1251
912,631,2024-12-09,Pendiente,115
913,843,2024-12-10,Pendiente,1155
914,171,2024-07-25,En Proceso,2
915,1163,2024-07-05,Completado,1356
916,417,2024-10-23,En Proceso,245
917,1456,2025-01-01,Pendiente,173
918,879,2025-03-19,Pendiente,44
919,598,2024-07-03,En Proceso,1141
920,437,2024-11-08,Completado,174
921,721,2025-01-19,Pendiente,416
922,1331,2025-01-17,Pendiente,546
923,871,2025-03-29,Completado,1241
924,1153,2024-08-03,Pendiente,1265
925,834,2024-09-25,Completado,479
926,1001,2025-01-13,Completado,1025
927,1263,2024-09-14,Completado,287
928,345,2025-03-14,En Proceso,1232
929,264,2024-09-26,En Proceso,11
930,657,2025-05-25,Completado,1321
931,1298,2024-08-30,Pendiente,1440
932,70,2024-12-30,Completado,901
933,197,2025-01-09,En Proceso,964
934,628,2024-12-27,En Proceso,416
935,857,2025-02-17,En Proceso,1229
936,709,2024-09-23,En Proceso,1488
937,850,2024-08-20,Completado,1421
938,1017,2024-11-13,Completado,30
939,786,2024-08-04,Pendiente,659
940,1434,2024-12-22,Completado,558
941,707,2025-05-26,Completado,283
942,988,2024-10-15,En Proceso,1117
943,828,2024-07-30,Completado,1062
944,1202,2025-06-01,En Proceso,142
945,777,2024-08-02,En Proceso,11
946,715,2025-03-14,Pendiente,793
947,1341,2024-07-11,Completado,302
948,268,2025-01-16,Completado,838
949,1035,2024-11-24,Completado,520
950,919,2024-08-27,En Proceso,1080
951,77,2025-01-02,Completado,1014
952,1489,2025-05-28,En Proceso,100
953,71,2024-07-14,Pendiente,1334
954,973,2024-09-06,Pendiente,1388
955,734,2025-02-21,Completado,1464
956,1379,2025-01-21,Completado,694
957,214,2025-06-08,En Proceso,37
958,1163,2024-07-09,Pendiente,339
959,1370,2024-06-21,Completado,1168
960,825,2025-05-27,En Proceso,1121
961,1089,2024-08-01,Completado,787
962,1056,2025-05-17,Completado,29
963,572,2025-05-15,Completado,376
964,926,2025-05-14,Pendiente,531
965,1452,2024-12-09,Pendiente,952
966,984,2025-05-14,En Proceso,835
967,330,2025-06-07,Pendiente,1460
968,1183,2024-08-14,En Proceso,606
969,285,2024-08-07,Pendiente,957
970,531,2025-02-27,Pendiente,1354
971,479,2025-02-12,En Proceso,618
972,1426,2025-04-28,Pendiente,475
973,1439,2025-04-05,En Proceso,1222
974,743,2024-08-12,Completado,408
975,843,2025-04-25,Completado,475
976,162,2024-11-02,Completado,1062
977,506,2024-06-19,Completado,307
978,299,2025-02-28,Completado,700
979,505,2024-10-01,En Proceso,737
980,1279,2025-03-26,En Proceso,738
981,837,2025-05-01,Completado,899
982,613,2025-05-24,En Proceso,1193
983,1355,2025-05-12,Completado,23
984,1275,2025-02-04,Pendiente,454
985,820,2025-04-09,Completado,290
986,428,2024-09-03,En Proceso,659
987,979,2025-04-02,En Proceso,1042
988,397,2024-10-21,En Proceso,489
989,583,2024-09-19,En Proceso,162
990,1219,2024-09-07,Pendiente,74
991,1411,2025-02-03,En Proceso,479
992,542,2024-08-28,En Proceso,755
993,582,2025-01-27,En Proceso,1367
994,998,2025-04-23,Pendiente,462
995,318,2025-04-26,Pendiente,1365
996,1056,2025-05-17,Completado,713
997,763,2024-10-21,Pendiente,756
998,735,2025-01-02,Completado,705
999,1349,2024-07-11,Pendiente,1403
1000,1492,2024-07-14,Pendiente,675
1001,1130,2025-05-13,Completado,407
1002,1153,2025-06-15,Pendiente,890
1003,1032,2024-09-12,Completado,1025
1004,127,2024-10-28,Completado,495
1005,239,2024-10-13,Pendiente,1452
1006,140,2024-11-27,Pendiente,1146
1007,806,2025-04-20,En Proceso,829
1008,660,2024-08-08,En Proceso,1377
1009,74,2025-03-09,En Proceso,1331
1010,1331,2025-04-04,Completado,740
1011,272,2024-07-29,Pendiente,284
1012,979,2024-08-29,Pendiente,1442
1013,152,2024-10-10,Completado,1216
1014,1108,2024-12-01,En Proceso,8
1015,1410,2024-11-16,Pendiente,804
1016,911,2025-01-25,En Proceso,593
1017,1151,2024-06-29,En Proceso,863
1018,592,2024-08-15,Pendiente,420
1019,935,2024-08-09,Pendiente,454
1020,1295,2024-06-24,Pendiente,654
1021,1375,2025-01-24,Pendiente,150
1022,96,2024-08-14,Completado,401
1023,502,2024-10-20,Completado,462
1024,47,2024-10-29,Pendiente,912
1025,727,2025-03-22,Pendiente,837
1026,1348,2024-08-24,Completado,88
1027,617,2024-09-14,En Proceso,1034
1028,709,2024-12-02,En Proceso,860
1029,90,2025-04-23,En Proceso,991
1030,56,2024-07-01,Pendiente,554
1031,40,2024-10-09,Completado,197
1032,233,2025-01-01,En Proceso,1188
1033,1184,2025-03-09,Completado,557
1034,323,2024-08-08,En Proceso,958
1035,1196,2024-09-13,En Proceso,734
1036,1249,2024-11-25,En Proceso,374
1037,438,2025-05-29,Pendiente,811
1038,138,2024-07-29,Completado,114
1039,611,2024-11-12,En Proceso,540
1040,231,2025-05-24,En Proceso,173
1041,837,2024-08-17,Completado,1418
1042,308,2024-09-19,Pendiente,525
1043,620,2025-05-11,Pendiente,1416
1044,581,2025-02-12,Pendiente,86
1045,532,2025-04-26,En Proceso,784
1046,1022,2025-05-05,Completado,559
1047,1398,2024-10-20,En Proceso,96
1048,606,2025-05-06,Completado,1316
1049,1326,2024-09-04,En Proceso,694
1050,294,2024-10-03,En Proceso,576
1051,524,2025-02-24,Pendiente,792
1052,739,2024-11-26,Completado,34
1053,300,2025-06-15,Completado,1086
1054,680,2024-10-11,Completado,286
1055,1280,2025-06-17,En Proceso,119
1056,195,2025-04-24,Completado,287
1057,1096,2024-12-03,Pendiente,142
1058,203,2025-01-12,En Proceso,228
1059,1079,2024-11-18,Pendiente,136
1060,1187,2024-09-18,Pendiente,596
1061,969,2024-09-03,Completado,630
1062,1108,2024-12-26,Pendiente,450
1063,1111,2024-12-09,Pendiente,1450
1064,318,2024-09-06,Pendiente,698
1065,722,2025-02-09,Completado,1152
1066,81,2025-04-30,En Proceso,831
1067,1430,2024-08-28,Pendiente,1328
1068,807,2024-12-14,Completado,913
1069,894,2024-09-14,Pendiente,434
1070,650,2025-04-30,Pendiente,1221
1071,1463,2024-08-07,Pendiente,1444
1072,1339,2024-09-02,En Proceso,618
1073,9,2024-08-02,En Proceso,1289
1074,31,2024-10-20,Pendiente,852
1075,1345,2024-12-14,Pendiente,1348
1076,1476,2025-01-17,Completado,1044
1077,634,2024-12-11,En Proceso,379
1078,356,2024-12-09,Completado,693
1079,779,2024-08-19,En Proceso,193
1080,838,2025-05-15,Completado,377
1081,10,2024-07-17,En Proceso,471
1082,1428,2024-12-14,Pendiente,49
1083,516,2025-01-17,Completado,42
1084,1387,2025-02-01,En Proceso,1155
1085,238,2025-03-27,Completado,982
1086,663,2024-12-01,En Proceso,1470
1087,1208,2024-12-26,Completado,1177
1088,1245,2025-02-01,En Proceso,1238
1089,1364,2024-07-03,Completado,48
1090,49,2025-06-04,Pendiente,366
1091,832,2024-12-26,Pendiente,183
1092,1343,2025-03-11,En Proceso,841
1093,994,2024-11-02,Completado,611
1094,1135,2024-09-19,En Proceso,291
1095,1082,2024-12-14,Completado,401
1096,1160,2024-08-12,En Proceso,507
1097,956,2025-05-03,Completado,1386
1098,367,2025-02-27,En Proceso,1002
1099,764,2024-09-29,En Proceso,1406
1100,1133,2025-01-18,Completado,14
1101,1174,2024-09-16,Completado,229
1102,1149,2025-06-08,Completado,97
1103,67,2024-09-10,Completado,259
1104,221,2024-12-07,Pendiente,1436
1105,1103,2025-05-30,Pendiente,1221
1106,1203,2025-05-03,Completado,788
1107,1271,2025-04-09,En Proceso,809
1108,1389,2024-10-10,En Proceso,171
1109,639,2025-01-23,En Proceso,11
1110,592,2025-02-15,En Proceso,935
1111,800,2024-11-01,En Proceso,879
1112,1298,2024-12-03,Completado,315
1113,1280,2025-02-02,Completado,345
1114,1469,2024-10-06,Pendiente,559
1115,1119,2024-11-04,Pendiente,189
1116,395,2025-04-18,Pendiente,1364
1117,777,2024-07-13,Pendiente,342
1118,1297,2024-10-14,Pendiente,428
1119,1436,2025-03-31,Completado,279
1120,592,2024-10-06,Completado,683
1121,233,2024-06-30,Completado,541
1122,1066,2025-03-11,Completado,584
1123,338,2025-05-01,Completado,1193
1124,423,2024-08-30,Completado,843
1125,33,2025-04-30,Pendiente,578
1126,484,2025-03-14,En Proceso,975
1127,715,2025-06-01,Pendiente,454
1128,743,2025-05-01,En Proceso,3
1129,1299,2025-05-22,En Proceso,347
1130,1054,2024-10-20,Pendiente,794
1131,671,2025-02-06,Completado,992
1132,466,2024-08-23,Completado,57
1133,404,2024-07-08,Pendiente,1202
1134,275,2025-01-06,Pendiente,863
1135,820,2025-03-12,Pendiente,1471
1136,992,2025-01-22,Completado,1022
1137,80,2024-06-17,Pendiente,1013
1138,594,2025-02-06,En Proceso,1267
1139,1162,2025-04-19,En Proceso,45
1140,451,2024-08-23,Completado,318
1141,1007,2025-01-23,Completado,1100
1142,175,2024-08-08,Pendiente,1226
1143,1371,2025-01-13,Pendiente,1057
1144,1385,2025-02-25,En Proceso,1278
1145,35,2024-08-28,En Proceso,1069
1146,492,2024-10-06,En Proceso,813
1147,1173,2025-05-31,En Proceso,441
1148,15,2024-11-03,Pendiente,613
1149,262,2024-12-06,Pendiente,1363
1150,765,2024-12-23,Completado,1283
1151,625,2025-02-27,Completado,992
1152,792,2025-01-15,Pendiente,628
1153,949,2024-07-06,En Proceso,1072
1154,834,2025-02-17,Pendiente,977
1155,978,2024-12-18,Pendiente,557
1156,1336,2025-05-16,En Proceso,1357
1157,995,2025-05-29,Completado,123
1158,409,2024-12-20,En Proceso,781
1159,1500,2025-02-09,Completado,830
1160,149,2024-07-08,Completado,285
1161,770,2025-02-18,Pendiente,851
1162,47,2025-01-07,En Proceso,255
1163,370,2025-04-22,En Proceso,498
1164,1038,2024-11-10,Pendiente,624
1165,1472,2025-02-22,En Proceso,935
1166,1104,2025-01-28,Pendiente,865
1167,897,2024-08-29,En Proceso,216
1168,663,2024-09-07,Completado,1013
1169,91,2024-10-11,En Proceso,524
1170,246,2024-10-31,Completado,29
1171,635,2024-11-15,Completado,1200
1172,355,2025-05-01,En Proceso,600
1173,1094,2025-01-01,En Proceso,90
1174,60,2025-03-20,En Proceso,691
1175,694,2024-07-04,Pendiente,867
1176,1396,2025-01-29,En Proceso,674
1177,524,2024-08-29,Completado,1432
1178,475,2025-04-16,En Proceso,731
1179,1170,2024-12-26,Pendiente,47
1180,306,2025-01-23,Completado,305
1181,1149,2024-11-28,Completado,147
1182,1279,2025-02-27,En Proceso,786
1183,1252,2024-08-16,En Proceso,1243
1184,239,2024-07-06,Pendiente,295
1185,952,2024-08-13,En Proceso,40
1186,1206,2025-03-11,Pendiente,640
1187,284,2025-01-13,En Proceso,401
1188,1223,2024-07-18,Completado,967
1189,1127,2024-07-18,Pendiente,936
1190,251,2024-08-07,En Proceso,757
1191,373,2024-08-07,Pendiente,113
1192,1489,2024-12-31,En Proceso,775
1193,1243,2025-02-26,En Proceso,69
1194,1087,2024-07-27,Pendiente,834
1195,388,2024-12-09,Pendiente,1399
1196,298,2024-12-25,Pendiente,340
1197,1356,2025-05-25,Pendiente,93
1198,1058,2025-01-04,En Proceso,1100
1199,168,2024-09-15,En Proceso,1154
1200,572,2024-10-20,Pendiente,833
1201,902,2024-08-01,Completado,49
1202,316,2024-09-19,En Proceso,583
1203,1115,2025-05-29,Completado,27
1204,527,2024-08-11,Pendiente,1288
1205,333,2024-11-02,Completado,188
1206,242,2025-05-28,Pendiente,583
1207,736,2025-04-11,Completado,917
1208,259,2025-02-22,Completado,150
1209,597,2025-03-26,Completado,53
1210,574,2024-11-30,Pendiente,1135
1211,506,2025-02-05,Completado,190
1212,655,2025-04-27,En Proceso,1224
1213,249,2024-06-18,Pendiente,61
1214,1090,2024-07-28,En Proceso,1376
1215,1156,2025-01-17,En Proceso,1387
1216,532,2024-10-26,Completado,1215
1217,752,2024-11-13,En Proceso,157
1218,912,2025-06-13,Completado,211
1219,609,2024-09-09,En Proceso,1241
1220,1242,2024-10-14,Pendiente,1026
1221,964,2024-10-24,Pendiente,709
1222,452,2024-07-17,Completado,1080
1223,374,2024-07-16,Pendiente,143
1224,690,2025-03-18,Completado,1497
1225,1311,2025-02-12,Pendiente,415
1226,1446,2024-08-23,Pendiente,579
1227,697,2024-07-12,Completado,1090
1228,822,2024-12-31,Pendiente,584
1229,535,2024-11-25,En Proceso,431
1230,1215,2024-12-12,Pendiente,709
1231,641,2025-02-28,En Proceso,591
1232,494,2024-12-07,Completado,632
1233,1325,2025-04-14,Completado,1132
1234,1248,2024-07-22,En Proceso,777
1235,948,2025-03-24,Completado,890
1236,394,2025-03-12,Completado,1159
1237,453,2024-12-29,Completado,173
1238,780,2024-07-26,Completado,471
1239,873,2024-08-03,Pendiente,305
1240,105,2024-10-26,En Proceso,326
1241,478,2025-01-10,Pendiente,1287
1242,637,2025-03-25,Completado,1423
1243,12,2025-06-01,Completado,819
1244,916,2024-10-26,Pendiente,1312
1245,1388,2024-10-07,Pendiente,1314
1246,1108,2024-06-23,Completado,1031
1247,859,2024-08-27,En Proceso,795
1248,480,2025-04-04,En Proceso,1423
1249,214,2024-09-15,En Proceso,765
1250,976,2024-07-04,Pendiente,43
1251,1239,2025-06-17,Completado,514
1252,104,2025-05-04,Completado,864
1253,525,2025-05-20,En Proceso,1479
1254,871,2024-07-09,En Proceso,1238
1255,617,2024-07-18,Pendiente,1446
1256,731,2024-06-21,Completado,238
1257,1101,2024-12-18,Pendiente,1357
1258,181,2025-06-15,Pendiente,110
1259,1255,2024-08-29,Completado,543
1260,896,2024-07-27,Completado,1395
1261,924,2024-08-18,En Proceso,14
1262,1040,2025-06-13,En Proceso,769
1263,1500,2024-10-08,Completado,1405
1264,1334,2025-02-12,En Proceso,350
1265,529,2024-09-10,En Proceso,517
1266,460,2025-03-13,En Proceso,289
1267,840,2025-04-16,En Proceso,756
1268,1100,2025-02-04,En Proceso,1448
1269,335,2024-12-27,Pendiente,189
1270,627,2025-03-07,Completado,1180
1271,436,2024-09-17,Completado,234
1272,939,2025-01-06,En Proceso,785
1273,1254,2024-07-12,Pendiente,10
1274,1427,2024-10-17,En Proceso,627
1275,1500,2025-02-01,Completado,370
1276,1467,2025-04-02,Completado,1247
1277,1009,2024-12-01,Completado,651
1278,108,2024-10-04,Completado,242
1279,985,2024-08-03,Pendiente,1029
1280,194,2024-12-02,Completado,3
1281,321,2024-09-01,Completado,313
1282,428,2024-07-11,Pendiente,645
1283,669,2025-05-16,Pendiente,134
1284,1147,2024-12-12,Pendiente,465
1285,304,2025-03-15,Completado,1432
1286,1282,2025-02-15,En Proceso,579
1287,898,2025-03-23,Pendiente,113
1288,1142,2025-05-21,En Proceso,1232
1289,1025,2024-11-24,Pendiente,1438
1290,925,2024-10-17,Completado,428
1291,1083,2025-03-10,Completado,1225
1292,215,2025-06-11,Completado,1275
1293,733,2024-09-18,Completado,233
1294,1095,2025-01-23,Pendiente,432
1295,1101,2024-10-29,En Proceso,384
1296,1005,2025-04-18,Pendiente,447
1297,1036,2024-07-05,Completado,488
1298,150,2024-09-25,Pendiente,912
1299,271,2024-07-29,Pendiente,221
1300,1450,2025-04-01,Pendiente,1245
1301,1191,2025-01-12,Pendiente,588
1302,77,2025-06-16,Completado,1071
1303,1169,2024-11-24,Completado,1261
1304,1116,2025-04-08,Completado,498
1305,851,2024-11-13,Pendiente,367
1306,308,2024-10-30,Completado,1227
1307,334,2024-11-15,Pendiente,1460
1308,1013,2025-05-29,Pendiente,932
1309,925,2025-05-07,Pendiente,1121
1310,1009,2024-09-07,Pendiente,205
1311,778,2024-12-26,Pendiente,1479
1312,544,2024-09-27,En Proceso,1112
1313,733,2025-01-06,En Proceso,1359
1314,511,2025-04-27,En Proceso,115
1315,241,2025-05-28,Completado,607
1316,706,2025-01-17,En Proceso,570
1317,1492,2024-07-30,En Proceso,1176
1318,1477,2025-02-11,Completado,1132
1319,1079,2025-06-17,Completado,529
1320,1355,2025-05-05,Pendiente,996
1321,899,2025-02-05,En Proceso,264
1322,1455,2025-02-20,En Proceso,148
1323,60,2024-10-05,Pendiente,804
1324,416,2024-08-26,Completado,1088
1325,241,2024-08-17,Pendiente,1480
1326,1097,2024-08-31,En Proceso,1274
1327,1217,2025-02-13,En Proceso,285
1328,903,2025-05-29,Completado,134
1329,365,2025-03-11,Completado,846
1330,601,2025-02-09,Completado,45
1331,517,2025-01-14,Pendiente,794
1332,1467,2024-07-17,Completado,1247
1333,1231,2024-08-15,Completado,51
1334,817,2024-09-27,En Proceso,42
1335,272,2024-09-19,Pendiente,1357
1336,1142,2025-05-26,En Proceso,381
1337,438,2025-01-29,Pendiente,781
1338,1215,2024-08-28,Pendiente,1432
1339,38,2024-10-05,Pendiente,1164
1340,1490,2024-09-30,Pendiente,566
1341,1438,2024-06-29,En Proceso,1036
1342,214,2024-08-01,En Proceso,975
1343,478,2024-12-12,En Proceso,622
1344,116,2025-01-22,Completado,803
1345,710,2024-08-24,Pendiente,431
1346,316,2024-10-10,Pendiente,755
1347,1231,2024-12-11,En Proceso,348
1348,1338,2025-05-16,Pendiente,14
1349,373,2025-03-21,Pendiente,1125
1350,1062,2025-03-10,Completado,388
1351,102,2024-07-24,Completado,1350
1352,259,2024-07-21,Completado,413
1353,698,2025-03-21,En Proceso,1310
1354,404,2024-07-12,Pendiente,1392
1355,1108,2024-09-10,Completado,590
1356,1367,2025-04-02,Pendiente,706
1357,445,2025-04-14,Pendiente,17
1358,554,2024-08-21,Pendiente,467
1359,668,2024-08-16,En Proceso,343
1360,917,2025-03-24,Pendiente,1063
1361,1485,2024-08-28,En Proceso,870
1362,1232,2024-09-27,Completado,642
1363,168,2025-06-15,Completado,1101
1364,173,2024-11-26,Completado,1024
1365,635,2025-02-04,En Proceso,552
1366,118,2024-07-10,En Proceso,863
1367,766,2025-02-18,Completado,390
1368,1334,2025-06-08,Pendiente,1468
1369,1075,2024-08-25,Pendiente,1215
1370,211,2025-01-17,En Proceso,304
1371,610,2024-12-16,En Proceso,267
1372,442,2024-11-10,Completado,885
1373,1169,2024-07-14,En Proceso,534
1374,1093,2024-09-11,En Proceso,188
1375,940,2025-03-31,Completado,700
1376,521,2024-08-20,Pendiente,812
1377,231,2024-11-06,Completado,344
1378,1423,2024-07-13,En Proceso,537
1379,1067,2025-02-03,Pendiente,997
1380,1193,2024-06-26,Completado,1195
1381,587,2024-09-24,Pendiente,651
1382,1144,2025-04-01,En Proceso,949
1383,1034,2024-08-13,En Proceso,574
1384,1168,2024-07-02,En Proceso,297
1385,1346,2024-06-21,En Proceso,209
1386,1282,2024-07-22,Pendiente,753
1387,200,2025-04-04,Completado,6
1388,996,2025-02-22,En Proceso,297
1389,179,2025-01-19,En Proceso,533
1390,8,2025-04-03,Completado,886
1391,510,2025-05-08,Completado,829
1392,121,2024-11-30,Pendiente,858
1393,1031,2024-07-11,En Proceso,1146
1394,1113,2024-08-05,En Proceso,87
1395,435,2024-09-29,En Proceso,945
1396,534,2024-12-15,En Proceso,1312
1397,595,2025-06-07,Completado,69
1398,1258,2024-10-19,Pendiente,724
1399,712,2025-03-17,Pendiente,865
1400,1120,2025-03-09,Pendiente,720
1401,1453,2024-12-17,Completado,660
1402,206,2025-03-27,En Proceso,135
1403,1356,2024-10-17,Completado,417
1404,1110,2024-09-26,Pendiente,432
1405,778,2025-04-15,En Proceso,1164
1406,85,2025-05-31,En Proceso,646
1407,517,2025-04-15,Completado,264
1408,1347,2024-07-18,Pendiente,213
1409,912,2024-07-31,En Proceso,992
1410,659,2024-11-04,Completado,235
1411,1426,2025-02-26,Pendiente,1229
1412,1438,2024-08-16,Completado,1469
1413,369,2025-03-18,Completado,930
1414,621,2025-01-16,Completado,1159
1415,330,2024-12-23,Pendiente,85
1416,913,2025-01-23,Pendiente,1367
1417,516,2024-10-05,Completado,712
1418,723,2025-05-20,Completado,300
1419,194,2025-03-29,Pendiente,84
1420,1348,2024-08-09,En Proceso,422
1421,134,2025-06-07,En Proceso,298
1422,572,2025-01-16,En Proceso,1217
1423,1425,2024-10-07,En Proceso,347
1424,376,2024-07-10,Completado,380
1425,1462,2024-12-24,Completado,216
1426,925,2024-07-02,Completado,1251
1427,1489,2025-05-19,Completado,1439
1428,608,2024-10-01,Completado,603
1429,1303,2024-09-12,Completado,937
1430,1044,2025-05-06,En Proceso,1220
1431,974,2025-04-04,Completado,571
1432,8,2025-06-13,En Proceso,1048
1433,815,2024-10-21,Completado,1015
1434,625,2024-12-01,Completado,346
1435,1108,2024-07-30,En Proceso,141
1436,1400,2024-11-10,Completado,1414
1437,844,2025-01-23,Completado,291
1438,520,2024-12-14,Completado,1437
1439,598,2024-09-22,Pendiente,813
1440,1054,2025-05-26,Pendiente,172
1441,245,2024-12-20,En Proceso,160
1442,340,2025-05-24,Pendiente,177
1443,832,2024-12-15,En Proceso,1073
1444,1040,2024-08-25,Completado,578
1445,934,2025-05-21,Pendiente,624
1446,383,2024-11-26,Completado,299
1447,422,2024-06-20,Completado,688
1448,707,2024-08-13,En Proceso,1441
1449,684,2024-06-21,Pendiente,602
1450,1166,2025-01-09,Completado,372
1451,1357,2024-11-20,Completado,561
1452,699,2024-09-29,Completado,1386
1453,331,2025-05-03,En Proceso,1178
1454,52,2025-03-12,Completado,833
1455,622,2024-09-25,Completado,141
1456,933,2025-05-31,Pendiente,711
1457,1028,2025-02-26,Completado,1204
1458,1460,2024-11-22,En Proceso,1150
1459,735,2024-06-25,En Proceso,331
1460,121,2025-02-06,Pendiente,961
1461,1229,2024-09-04,En Proceso,1131
1462,1171,2025-02-15,Completado,708
1463,1432,2024-09-05,Pendiente,833
1464,143,2024-07-16,Pendiente,1465
1465,77,2025-01-19,Pendiente,534
1466,1163,2024-07-23,Completado,495
1467,717,2024-11-15,En Proceso,505
1468,1104,2024-12-27,Pendiente,245
1469,703,2024-10-23,Pendiente,1089
1470,993,2024-09-09,Pendiente,1378
1471,774,2025-02-10,Completado,261
1472,1039,2025-03-26,En Proceso,1483
1473,860,2025-03-09,Pendiente,1137
1474,810,2024-11-05,Completado,1480
1475,588,2025-06-04,En Proceso,471
1476,684,2024-07-02,En Proceso,722
1477,699,2025-05-19,Pendiente,478
1478,73,2024-08-15,Completado,506
1479,1125,2025-04-04,En Proceso,1391
1480,1276,2024-09-09,Pendiente,1408
1481,922,2025-01-19,En Proceso,620
1482,591,2025-01-05,En Proceso,762
1483,587,2025-05-01,En Proceso,768
1484,126,2024-12-03,Pendiente,266
1485,878,2024-07-04,En Proceso,231
1486,106,2024-07-26,Pendiente,118
1487,591,2024-11-23,Pendiente,264
1488,791,2024-10-14,Completado,729
1489,1216,2025-04-15,Pendiente,1345
1490,1383,2025-03-02,En Proceso,1048
1491,1324,2024-08-03,En Proceso,928
1492,918,2024-12-18,En Proceso,922
1493,1108,2025-05-08,Pendiente,1474
1494,1339,2025-03-13,Pendiente,1387
1495,836,2025-05-19,Completado,1390
1496,1048,2025-03-30,En Proceso,646
1497,704,2024-08-28,En Proceso,1462
1498,188,2024-08-10,Pendiente,48
1499,924,2024-08-18,En Proceso,1145
1500,759,2024-07-23,En Proceso,433
