id_uso,id_orden,id_material,cantidad_usada
1,1276,1148,45.27
2,874,922,32.12
3,159,1104,28.68
4,1335,331,34.75
5,612,1302,48.45
6,1241,216,42.08
7,442,793,1.58
8,1171,658,48.74
9,904,1368,39.45
10,1224,111,41.31
11,1329,548,40.11
12,262,338,24.4
13,651,395,47.82
14,1191,220,27.62
15,10,831,19.58
16,444,1176,47.08
17,1216,1267,14.66
18,820,675,37.66
19,211,1001,40.58
20,211,673,28.0
21,1080,1277,43.23
22,629,1377,2.93
23,295,608,29.98
24,903,364,37.64
25,441,946,33.74
26,1374,1253,14.06
27,77,916,39.55
28,818,1202,4.73
29,1464,932,11.87
30,1016,439,25.17
31,545,1423,3.34
32,142,985,38.3
33,1474,745,13.01
34,1167,1310,22.88
35,462,652,6.26
36,685,754,2.53
37,804,192,29.45
38,1293,592,32.32
39,489,548,37.66
40,1172,33,3.56
41,65,1371,30.4
42,920,1457,46.61
43,1414,655,6.2
44,479,94,3.1
45,1201,1381,42.13
46,737,257,9.92
47,695,1068,42.45
48,25,1322,28.39
49,1220,820,39.42
50,749,1271,32.92
51,402,569,2.63
52,1326,243,20.21
53,112,179,26.24
54,535,1045,12.04
55,243,1275,0.77
56,1062,683,41.02
57,934,922,30.83
58,929,10,3.88
59,1434,938,13.0
60,1132,347,11.88
61,1005,1496,33.09
62,911,335,6.17
63,171,885,46.28
64,1038,822,1.1
65,1370,1132,47.93
66,294,912,1.68
67,741,890,18.73
68,330,1185,44.28
69,719,593,15.63
70,821,973,29.3
71,1096,941,4.51
72,614,240,31.95
73,1349,228,12.65
74,469,815,40.18
75,317,183,29.0
76,1401,1086,28.63
77,445,1184,4.49
78,525,415,27.89
79,75,698,26.85
80,877,39,14.71
81,1312,915,27.3
82,861,1207,36.12
83,480,193,37.2
84,955,274,17.03
85,1010,1332,46.12
86,178,857,44.8
87,845,1338,5.12
88,884,567,45.16
89,295,1132,5.91
90,840,363,28.38
91,128,682,48.66
92,1398,1255,3.57
93,1117,521,39.24
94,765,769,36.42
95,403,887,34.79
96,419,134,8.91
97,1014,841,7.79
98,942,765,37.49
99,852,478,35.94
100,1445,40,42.83
101,1031,642,8.67
102,912,1075,11.99
103,1017,193,37.04
104,1143,52,25.95
105,220,668,38.96
106,431,210,39.73
107,533,330,42.56
108,1150,728,40.46
109,534,663,15.85
110,1492,609,10.07
111,271,387,13.91
112,452,1314,43.14
113,131,79,39.6
114,825,948,46.48
115,161,481,37.09
116,1374,64,4.95
117,1175,654,23.32
118,357,351,10.89
119,1124,220,1.7
120,280,416,33.53
121,840,776,19.7
122,1022,1290,0.73
123,911,153,38.7
124,334,33,43.93
125,100,1438,32.09
126,1315,1110,39.17
127,590,158,7.39
128,1070,868,5.62
129,717,351,27.04
130,158,717,18.45
131,996,1363,27.62
132,523,323,43.57
133,133,1306,3.98
134,1167,1127,1.23
135,343,225,44.01
136,367,1454,44.27
137,621,449,48.28
138,633,911,7.14
139,1005,917,25.88
140,1011,727,47.4
141,129,764,27.93
142,1170,206,28.19
143,676,286,1.84
144,887,1200,26.33
145,601,514,12.24
146,118,692,4.14
147,656,360,42.98
148,1226,246,36.82
149,1167,1024,24.0
150,1368,1321,40.79
151,515,93,12.26
152,538,875,44.05
153,153,362,8.4
154,333,709,25.56
155,370,660,27.7
156,472,240,22.47
157,1341,942,27.77
158,474,910,36.95
159,1488,254,13.24
160,198,1008,45.03
161,1286,2,37.06
162,860,755,17.43
163,1220,430,33.9
164,544,405,46.42
165,1401,1300,25.08
166,1171,450,27.69
167,572,668,12.01
168,192,127,41.42
169,1265,602,6.49
170,448,1274,38.66
171,1110,341,44.08
172,702,365,45.61
173,842,1053,19.32
174,325,489,5.59
175,1363,603,35.51
176,8,590,18.03
177,545,118,25.26
178,378,804,43.59
179,201,840,48.77
180,1481,581,47.57
181,30,694,25.75
182,625,773,19.4
183,250,1198,26.61
184,1096,1412,25.18
185,376,521,22.87
186,387,3,48.1
187,1027,1165,31.42
188,380,675,38.68
189,408,1141,1.01
190,232,1351,5.61
191,596,386,8.78
192,456,484,3.08
193,1393,241,45.71
194,908,206,21.94
195,229,900,11.69
196,140,517,7.61
197,602,1370,25.91
198,327,1127,15.99
199,1167,1256,7.82
200,990,331,29.09
201,525,880,42.04
202,205,3,38.37
203,125,1212,41.33
204,827,1145,22.06
205,368,358,31.18
206,1188,501,4.53
207,519,1306,46.68
208,1333,739,49.62
209,23,546,49.29
210,1323,1041,22.55
211,905,932,32.34
212,385,1414,43.32
213,841,818,16.05
214,272,1176,43.03
215,926,90,1.76
216,721,1474,32.92
217,1268,106,6.89
218,341,378,10.87
219,1198,474,6.51
220,1136,1028,43.76
221,292,1150,39.45
222,464,251,13.27
223,606,631,13.69
224,783,1211,41.89
225,172,1115,42.06
226,147,1069,16.5
227,289,647,40.47
228,254,1328,46.01
229,603,702,28.08
230,1297,1376,10.52
231,941,1470,9.88
232,575,184,29.51
233,1281,71,13.31
234,262,398,9.93
235,417,1144,35.65
236,250,1176,43.85
237,1491,1135,30.76
238,771,231,21.75
239,642,1377,22.85
240,1179,1017,12.96
241,727,388,9.7
242,732,1491,48.33
243,624,424,10.87
244,665,1110,29.75
245,117,653,5.91
246,466,1284,29.83
247,624,185,34.12
248,1402,837,9.67
249,617,1431,23.42
250,1463,1187,4.12
251,50,78,47.94
252,1359,1210,37.0
253,837,924,8.79
254,716,1397,40.12
255,938,737,23.48
256,165,31,27.68
257,371,1123,0.84
258,383,807,29.82
259,1447,494,33.65
260,1158,370,27.43
261,228,892,12.49
262,1256,1195,42.35
263,379,169,6.59
264,757,1116,25.86
265,457,453,3.84
266,280,441,22.14
267,519,1243,29.31
268,533,285,10.04
269,159,1348,1.82
270,918,934,31.69
271,1309,747,41.19
272,136,701,7.41
273,828,178,32.76
274,503,233,2.2
275,1083,453,4.06
276,942,242,21.86
277,551,1382,25.48
278,6,872,14.53
279,1250,745,18.36
280,842,117,43.76
281,119,968,17.57
282,1350,542,19.46
283,777,1114,24.35
284,320,352,20.15
285,1315,929,38.12
286,1363,206,31.0
287,1243,250,37.32
288,1267,609,35.84
289,121,1310,20.22
290,1120,1483,11.68
291,1235,1165,3.68
292,231,250,13.24
293,1085,178,19.17
294,717,606,11.73
295,380,919,8.73
296,958,987,38.5
297,890,470,16.72
298,760,1258,16.82
299,1052,252,1.11
300,1028,1252,49.13
301,102,503,13.88
302,296,1290,29.62
303,239,1040,48.1
304,1148,809,14.59
305,403,461,29.88
306,154,1368,34.43
307,53,116,31.28
308,325,1104,21.52
309,806,1202,32.49
310,1241,704,27.32
311,667,270,27.9
312,605,558,15.14
313,154,1241,10.22
314,598,910,8.02
315,798,1164,39.41
316,832,1096,12.2
317,376,589,49.82
318,1433,753,31.16
319,143,1333,33.79
320,470,963,25.7
321,93,294,31.24
322,181,156,39.03
323,12,786,16.29
324,1059,527,32.0
325,1075,140,5.71
326,24,946,39.29
327,729,1263,46.05
328,1061,244,13.75
329,1043,578,1.78
330,1455,801,45.37
331,265,762,34.7
332,660,537,20.14
333,1180,833,28.59
334,1039,73,39.04
335,1421,1481,8.61
336,372,857,37.35
337,1289,1405,12.38
338,864,1314,44.63
339,464,282,12.98
340,100,357,33.39
341,1304,347,9.39
342,1369,307,31.83
343,1261,19,27.75
344,991,1117,31.3
345,665,1003,9.59
346,1491,383,20.2
347,49,1316,40.08
348,318,45,37.85
349,1069,946,34.03
350,61,56,4.49
351,1329,1078,11.28
352,938,1263,8.16
353,210,599,19.73
354,576,1301,8.7
355,1023,787,8.58
356,1162,1014,1.18
357,1171,1228,33.06
358,818,1379,27.05
359,588,1197,31.33
360,658,1085,45.19
361,395,1458,9.56
362,1372,1380,4.61
363,538,491,35.86
364,968,241,25.8
365,407,707,4.89
366,514,848,31.82
367,766,1395,11.84
368,1012,15,28.46
369,847,301,10.16
370,652,74,37.05
371,496,545,2.02
372,66,1190,35.69
373,1490,82,1.54
374,1500,350,35.62
375,941,655,7.43
376,1317,59,6.12
377,543,42,8.24
378,1470,918,32.33
379,682,819,1.41
380,1023,874,13.38
381,26,1019,49.47
382,1151,484,27.59
383,1374,837,35.99
384,430,294,19.2
385,314,180,36.39
386,567,201,37.87
387,195,153,43.42
388,895,471,11.13
389,770,240,37.35
390,365,1253,21.06
391,18,1352,35.25
392,199,965,2.6
393,1493,1046,15.12
394,592,312,49.12
395,1087,1034,5.21
396,776,959,25.6
397,601,943,47.19
398,1121,1347,19.12
399,431,1497,6.12
400,765,358,39.64
401,167,82,39.98
402,1092,1120,34.48
403,290,1145,19.07
404,876,1285,29.55
405,1165,239,28.04
406,1253,568,33.84
407,881,909,45.68
408,401,1080,5.72
409,148,128,17.49
410,1384,776,8.54
411,676,50,9.36
412,1030,710,22.08
413,8,311,31.76
414,138,315,42.69
415,633,1234,26.74
416,245,1097,42.73
417,506,44,2.13
418,639,791,11.18
419,1231,1230,13.98
420,199,417,44.31
421,1101,586,33.07
422,394,1105,13.0
423,587,617,5.8
424,662,399,28.6
425,1414,1297,34.92
426,1249,1289,43.22
427,1011,537,28.7
428,152,317,26.67
429,1092,585,42.01
430,117,651,12.08
431,826,1297,47.61
432,431,1130,26.41
433,1317,316,6.29
434,524,1374,18.49
435,68,1321,39.6
436,909,272,10.06
437,169,877,6.02
438,1263,174,32.0
439,1099,457,29.01
440,446,712,24.06
441,452,1119,35.47
442,232,1128,1.16
443,19,442,47.98
444,170,999,47.41
445,855,911,35.92
446,1244,693,30.05
447,1488,18,15.44
448,150,767,44.37
449,743,1210,45.97
450,812,706,48.38
451,483,647,12.26
452,711,1009,40.56
453,1295,1340,28.63
454,1422,792,48.43
455,747,1307,11.11
456,1432,1241,16.42
457,1285,516,8.84
458,124,933,25.54
459,875,526,10.24
460,147,878,36.49
461,1230,845,33.72
462,872,907,15.96
463,1169,909,46.29
464,156,982,21.73
465,690,1427,7.05
466,1236,513,37.75
467,694,305,44.09
468,731,1286,34.65
469,1467,1281,21.83
470,681,1229,18.2
471,1079,79,32.95
472,1177,1312,2.44
473,591,863,49.66
474,1361,689,41.71
475,1091,493,24.97
476,953,963,44.78
477,368,37,34.55
478,586,89,17.32
479,1071,481,12.28
480,81,498,25.91
481,840,261,36.43
482,31,645,11.31
483,63,1426,17.03
484,1353,259,19.92
485,562,342,27.1
486,793,897,31.23
487,181,1090,7.05
488,942,13,5.18
489,796,282,45.25
490,854,356,44.14
491,1305,776,30.78
492,701,1,12.64
493,201,1186,22.16
494,838,55,24.03
495,190,112,25.09
496,682,1473,42.83
497,1389,633,8.51
498,1132,1323,9.58
499,1219,133,39.86
500,351,47,36.01
501,1408,217,38.88
502,1392,805,43.69
503,13,145,8.62
504,779,565,27.38
505,733,831,38.22
506,63,214,45.5
507,531,632,1.98
508,970,172,10.0
509,586,496,29.84
510,1288,1360,40.02
511,1328,489,5.85
512,490,79,21.74
513,754,1330,1.1
514,1120,574,33.71
515,130,933,18.66
516,1017,1051,27.4
517,320,910,12.13
518,574,1295,6.22
519,1021,347,0.77
520,542,901,10.37
521,979,1430,24.78
522,610,100,31.25
523,746,232,20.74
524,1097,558,30.97
525,1210,1256,1.57
526,1265,832,35.76
527,845,19,4.27
528,690,895,41.14
529,431,685,3.93
530,1085,1258,3.9
531,744,385,24.75
532,464,341,13.7
533,672,791,18.13
534,407,536,15.21
535,308,1128,11.71
536,1157,970,8.5
537,1203,236,40.62
538,731,557,25.72
539,918,1252,46.99
540,359,841,21.27
541,858,647,16.7
542,567,81,44.16
543,777,630,8.18
544,1157,117,49.43
545,1134,445,47.87
546,64,371,35.89
547,796,1369,26.27
548,117,331,22.49
549,523,310,13.63
550,1464,1086,29.83
551,1031,1138,26.64
552,722,1381,41.99
553,1374,1199,35.3
554,448,593,29.29
555,894,396,31.9
556,1133,1144,11.59
557,1325,1027,35.81
558,812,1019,29.93
559,362,358,43.05
560,628,846,28.36
561,908,12,24.03
562,1136,1419,28.65
563,199,286,17.51
564,328,1455,38.75
565,383,1382,19.36
566,213,326,23.58
567,143,1499,42.34
568,1075,587,23.79
569,1270,709,16.85
570,158,976,20.18
571,233,214,33.42
572,422,843,11.1
573,1247,60,11.68
574,396,353,39.14
575,67,75,25.43
576,1072,457,26.5
577,906,337,23.82
578,769,140,37.66
579,672,286,8.91
580,940,1232,0.73
581,426,959,11.32
582,1362,859,9.23
583,1051,203,40.64
584,1455,448,42.77
585,358,593,11.92
586,144,1066,32.69
587,1391,1135,8.05
588,1107,1409,31.27
589,27,857,35.47
590,762,37,43.23
591,724,209,10.53
592,1131,1316,11.95
593,1344,970,43.06
594,735,225,11.93
595,1289,1333,19.33
596,1257,216,35.99
597,638,686,35.61
598,1430,53,27.08
599,874,636,14.97
600,218,268,28.47
601,1078,458,45.15
602,182,446,10.84
603,641,409,39.35
604,807,126,35.04
605,1216,562,18.58
606,435,373,25.62
607,1361,152,38.37
608,1132,1494,16.54
609,490,1367,27.32
610,1167,782,19.75
611,1197,42,45.94
612,605,1188,49.72
613,612,1476,41.79
614,1448,1471,32.34
615,1020,397,38.21
616,791,1392,33.58
617,763,1371,49.47
618,890,1398,27.81
619,1332,605,15.73
620,1088,414,19.1
621,968,860,9.88
622,658,1285,13.17
623,461,183,11.21
624,1337,783,27.17
625,1304,1198,27.33
626,92,830,32.1
627,1466,1264,42.47
628,1290,1136,39.34
629,652,678,30.54
630,856,340,38.14
631,185,1030,36.59
632,288,749,49.11
633,495,268,33.95
634,295,1463,14.45
635,622,194,21.97
636,1180,217,24.73
637,1087,677,48.02
638,1076,1103,4.94
639,39,851,9.39
640,250,1259,42.57
641,731,783,32.24
642,137,46,3.08
643,242,449,3.33
644,1125,472,37.29
645,193,940,31.55
646,590,1029,24.84
647,668,687,34.72
648,661,84,39.18
649,1262,141,10.9
650,900,1260,14.79
651,1152,817,47.65
652,1337,1190,32.01
653,818,624,32.75
654,1189,1062,8.32
655,992,1103,34.37
656,475,237,27.41
657,786,1020,47.18
658,454,358,39.08
659,1355,395,19.53
660,313,280,8.0
661,372,1015,11.37
662,458,1409,13.53
663,253,884,8.53
664,444,1222,43.44
665,404,659,3.83
666,1257,172,0.74
667,417,481,40.11
668,325,850,16.66
669,793,573,19.36
670,215,1268,19.12
671,881,223,12.55
672,1481,773,15.21
673,1409,1022,36.33
674,167,1432,40.62
675,1352,1373,39.22
676,296,997,32.83
677,1025,1126,9.38
678,1385,841,38.8
679,369,321,21.8
680,679,116,1.66
681,114,1370,28.06
682,1358,284,22.41
683,556,764,5.21
684,1461,1144,22.52
685,1299,1027,28.48
686,1070,572,28.84
687,149,1057,37.18
688,223,686,17.57
689,878,330,36.65
690,914,188,2.73
691,320,1067,32.72
692,503,591,26.52
693,716,1006,13.65
694,591,1406,18.61
695,211,468,33.02
696,1003,1149,30.5
697,1068,53,22.01
698,834,1476,35.97
699,708,511,24.63
700,657,874,9.02
701,495,1169,21.49
702,633,421,3.52
703,125,1326,20.01
704,433,44,18.97
705,808,313,49.58
706,624,577,29.91
707,284,1302,4.09
708,1271,450,17.53
709,1233,60,9.85
710,898,981,28.18
711,1323,1310,30.02
712,1367,422,41.11
713,1391,1201,30.89
714,1494,625,40.55
715,476,1165,8.2
716,1361,78,18.14
717,877,1314,47.44
718,906,1050,32.94
719,1249,160,47.17
720,999,754,24.83
721,915,23,10.67
722,117,491,18.77
723,160,448,45.53
724,668,1311,44.71
725,840,1309,42.37
726,1023,633,13.18
727,878,676,42.74
728,525,786,14.93
729,1019,501,43.36
730,1157,143,45.11
731,488,1227,10.88
732,628,1322,48.25
733,602,543,24.02
734,514,171,13.58
735,905,570,15.86
736,666,731,18.58
737,881,630,23.68
738,957,1285,7.02
739,564,1132,22.26
740,681,964,28.27
741,1257,657,15.28
742,1255,1413,14.55
743,1030,5,31.07
744,919,899,35.67
745,213,135,3.82
746,1382,4,13.76
747,1371,409,33.31
748,635,515,29.3
749,1033,318,33.01
750,1020,349,34.28
751,413,515,48.17
752,1196,1449,35.22
753,286,737,16.06
754,1342,1248,36.84
755,666,1131,7.06
756,1261,1425,12.21
757,1238,209,7.34
758,54,1082,37.11
759,977,881,43.56
760,1205,202,12.64
761,961,61,2.24
762,1442,1291,23.99
763,398,1495,2.61
764,1466,449,14.86
765,746,1226,18.21
766,189,261,29.0
767,1431,1196,38.34
768,1407,1368,38.4
769,1261,414,4.59
770,955,1465,33.62
771,753,607,31.85
772,21,57,9.39
773,652,591,42.05
774,178,1439,29.07
775,1381,1122,8.83
776,1471,846,1.58
777,113,32,40.24
778,70,771,23.76
779,1091,1065,32.0
780,1096,624,48.48
781,874,382,38.44
782,1100,846,10.58
783,465,1169,34.42
784,364,392,35.57
785,743,259,34.84
786,78,596,28.36
787,1253,129,38.23
788,677,428,18.02
789,505,691,48.26
790,1139,841,15.31
791,118,1452,38.35
792,320,892,21.41
793,517,878,47.52
794,173,234,16.1
795,1082,1079,3.56
796,1090,1399,22.08
797,833,834,18.65
798,574,1088,14.59
799,429,85,17.67
800,1301,764,45.04
801,1094,23,36.64
802,847,911,23.36
803,244,689,40.8
804,817,1443,30.95
805,1154,191,1.45
806,726,1005,35.78
807,250,327,21.67
808,1304,1417,45.5
809,913,745,38.33
810,1273,360,27.76
811,441,768,42.9
812,1388,274,22.27
813,124,842,47.7
814,913,1352,36.52
815,1393,1110,47.07
816,338,1283,36.32
817,1316,834,10.18
818,1388,1488,14.92
819,1052,655,31.79
820,839,1247,14.16
821,533,494,45.72
822,335,1091,34.68
823,829,1095,16.36
824,507,754,11.25
825,345,1398,20.74
826,1314,875,28.59
827,810,64,11.92
828,156,1036,25.03
829,1085,391,2.61
830,438,103,14.07
831,1249,908,15.3
832,777,1357,13.94
833,1250,631,44.98
834,1259,720,25.41
835,663,109,9.97
836,305,128,1.13
837,946,1074,6.35
838,966,253,9.3
839,841,879,2.27
840,302,254,48.37
841,1267,351,44.85
842,668,170,31.64
843,562,1386,15.41
844,1489,638,4.0
845,924,1335,28.68
846,1464,765,45.09
847,1076,160,8.64
848,982,846,45.26
849,1288,95,7.9
850,573,362,33.38
851,1288,31,48.84
852,342,56,22.09
853,208,455,14.29
854,1189,1098,49.23
855,1432,370,16.22
856,451,1433,39.58
857,985,557,13.37
858,1319,674,45.57
859,535,234,32.1
860,880,837,0.9
861,679,518,4.47
862,801,380,44.26
863,1227,970,10.34
864,1261,1225,8.53
865,970,307,13.44
866,1206,501,19.83
867,534,353,15.98
868,485,667,3.49
869,658,180,28.51
870,236,1014,39.1
871,1022,197,25.24
872,1210,827,39.48
873,772,63,37.44
874,369,203,11.74
875,1301,412,9.53
876,830,444,41.49
877,682,425,13.83
878,1494,729,40.47
879,1017,1296,33.33
880,1262,878,42.12
881,1240,1421,36.26
882,42,797,0.51
883,460,880,13.6
884,219,440,6.28
885,5,1167,32.82
886,723,636,49.01
887,1124,1028,34.78
888,838,622,3.2
889,1129,990,37.43
890,506,870,45.51
891,1443,991,41.95
892,240,177,26.38
893,739,1149,48.67
894,740,617,4.81
895,531,1132,40.71
896,174,794,13.1
897,1383,770,3.99
898,1477,330,15.33
899,635,774,49.64
900,347,161,16.51
901,144,83,5.04
902,749,110,43.34
903,1425,575,37.91
904,956,1175,47.95
905,1094,1368,34.44
906,208,849,0.52
907,1019,1137,49.2
908,1296,185,4.32
909,185,1394,6.35
910,673,20,28.25
911,416,71,12.59
912,423,275,15.09
913,1411,1083,21.47
914,911,2,48.14
915,382,604,36.52
916,103,1063,13.4
917,498,1372,20.11
918,449,731,19.02
919,985,1016,21.58
920,659,1417,35.75
921,505,609,30.16
922,592,1278,17.18
923,1223,837,43.47
924,1031,1416,37.49
925,1189,886,15.42
926,1024,235,49.71
927,1314,237,10.42
928,357,420,23.97
929,1019,195,33.4
930,913,658,30.4
931,730,487,30.44
932,1186,1437,38.62
933,1394,309,24.97
934,594,868,7.13
935,447,413,24.15
936,1168,1383,1.31
937,1020,1295,48.69
938,372,264,28.72
939,25,172,30.93
940,428,722,36.66
941,556,679,4.94
942,260,927,48.95
943,323,772,37.06
944,1255,619,44.15
945,918,1498,39.27
946,1310,1455,39.01
947,1397,1069,15.89
948,1467,744,40.21
949,482,1191,39.82
950,1447,887,35.39
951,501,70,45.67
952,75,1280,2.87
953,614,922,8.4
954,1498,604,14.15
955,235,1304,41.06
956,1295,704,39.27
957,926,1295,46.6
958,1139,1040,14.23
959,1110,191,49.41
960,908,1158,8.28
961,1439,435,1.51
962,1418,88,5.01
963,983,121,22.11
964,684,359,21.36
965,928,38,12.62
966,911,609,14.4
967,1184,12,31.71
968,1075,934,42.96
969,20,229,12.17
970,442,10,40.37
971,18,339,33.47
972,1316,449,43.5
973,1308,62,38.83
974,220,58,4.92
975,555,1478,40.23
976,93,574,44.61
977,598,1373,19.1
978,1097,127,34.72
979,434,284,6.72
980,1045,958,23.15
981,1003,365,5.0
982,116,103,30.75
983,646,432,21.01
984,702,42,9.68
985,581,785,42.71
986,1469,1200,7.52
987,891,1159,39.52
988,1406,652,6.7
989,1303,1092,32.4
990,888,1241,26.11
991,642,268,23.85
992,674,368,23.31
993,190,137,18.56
994,629,579,22.61
995,897,1352,16.94
996,297,1407,34.81
997,268,378,4.52
998,1207,272,44.38
999,622,897,7.88
1000,110,66,33.14
1001,681,354,31.08
1002,350,247,5.3
1003,188,846,43.22
1004,1489,513,6.47
1005,1485,427,16.32
1006,633,608,40.74
1007,487,1425,35.44
1008,19,48,10.54
1009,610,1402,31.61
1010,1371,862,35.25
1011,293,1020,9.9
1012,1057,61,29.03
1013,944,1027,49.81
1014,1087,118,7.8
1015,762,522,15.97
1016,1363,1196,10.09
1017,898,1498,9.72
1018,780,1163,28.76
1019,165,190,17.45
1020,1225,1197,25.79
1021,10,73,47.92
1022,605,941,49.64
1023,585,500,45.64
1024,403,939,41.93
1025,568,534,44.28
1026,1119,1077,40.52
1027,533,1078,9.95
1028,750,618,40.7
1029,1403,192,2.84
1030,967,446,25.09
1031,453,931,34.24
1032,176,700,38.69
1033,858,135,21.37
1034,1176,357,22.27
1035,1237,1309,3.34
1036,999,201,14.37
1037,59,542,43.0
1038,803,1080,30.96
1039,604,848,42.04
1040,855,697,43.36
1041,1036,135,25.38
1042,1084,786,4.05
1043,585,361,34.93
1044,604,665,14.13
1045,1362,566,32.38
1046,1135,923,15.04
1047,565,1406,28.52
1048,335,974,6.02
1049,919,454,32.55
1050,512,219,23.84
1051,1319,1382,10.28
1052,1392,456,49.25
1053,42,579,16.56
1054,1469,1299,19.63
1055,931,1471,42.92
1056,1250,781,14.55
1057,1042,1276,28.05
1058,367,508,9.33
1059,537,1021,49.57
1060,453,733,20.75
1061,288,1313,9.08
1062,854,83,49.5
1063,478,1038,42.73
1064,1119,645,14.16
1065,833,700,49.72
1066,1216,501,29.32
1067,97,188,29.39
1068,171,1295,13.83
1069,562,1371,6.06
1070,1179,206,41.14
1071,727,1399,13.56
1072,1231,511,45.17
1073,613,1295,8.0
1074,1339,653,21.92
1075,64,1012,28.14
1076,1429,981,46.03
1077,1396,647,13.12
1078,349,414,29.02
1079,1474,864,18.22
1080,416,773,45.76
1081,305,1294,41.54
1082,816,918,40.05
1083,1050,1193,12.13
1084,1182,1411,20.68
1085,253,160,49.87
1086,1339,1444,16.64
1087,585,866,16.5
1088,919,3,6.47
1089,823,467,22.24
1090,1205,866,46.09
1091,391,1299,7.68
1092,17,80,11.38
1093,1383,1079,9.8
1094,69,209,23.45
1095,299,101,3.54
1096,464,1045,19.3
1097,1132,1043,37.73
1098,957,413,31.86
1099,574,91,35.18
1100,1015,326,39.84
1101,899,617,6.25
1102,158,835,6.73
1103,611,301,36.39
1104,997,470,32.84
1105,1351,1358,47.73
1106,475,584,27.48
1107,1071,79,0.83
1108,712,1037,23.69
1109,1489,1192,20.51
1110,1235,1183,2.78
1111,565,972,16.35
1112,599,932,13.76
1113,1145,161,45.09
1114,851,57,43.11
1115,1494,1035,31.58
1116,744,1329,27.45
1117,1125,377,49.12
1118,206,229,18.83
1119,558,345,32.57
1120,868,903,2.77
1121,1339,1008,45.75
1122,844,977,28.9
1123,1147,1322,32.3
1124,1016,1008,28.17
1125,1027,375,18.02
1126,839,700,8.83
1127,130,763,3.84
1128,1349,734,16.26
1129,263,1062,10.63
1130,1291,286,49.74
1131,609,447,37.07
1132,727,163,28.48
1133,951,860,6.58
1134,702,1364,14.8
1135,948,1348,42.24
1136,205,785,42.85
1137,383,265,34.85
1138,265,293,10.06
1139,6,1079,8.07
1140,448,235,15.06
1141,6,1305,35.37
1142,974,13,29.86
1143,762,1127,4.56
1144,101,976,12.77
1145,390,1394,29.9
1146,1023,101,8.45
1147,697,216,16.54
1148,880,111,27.52
1149,250,186,15.03
1150,1117,7,8.09
1151,427,825,47.72
1152,1425,986,35.3
1153,1303,732,38.11
1154,680,232,43.72
1155,412,1332,31.06
1156,1377,1044,39.35
1157,798,503,8.93
1158,1420,320,9.55
1159,418,691,7.28
1160,684,194,20.85
1161,1342,1311,46.08
1162,198,872,15.4
1163,1032,555,34.08
1164,1047,1485,12.45
1165,1100,1057,40.47
1166,143,487,46.71
1167,654,761,14.98
1168,243,228,26.24
1169,1144,1141,31.89
1170,1269,325,41.71
1171,1051,1154,30.74
1172,1076,1208,5.99
1173,1403,603,7.37
1174,513,311,3.59
1175,1212,1196,27.78
1176,605,791,15.32
1177,155,531,25.83
1178,905,551,17.65
1179,602,735,22.96
1180,1092,809,46.05
1181,831,523,3.04
1182,1283,760,49.46
1183,1474,1406,1.61
1184,551,339,6.19
1185,1107,1035,43.83
1186,1333,1088,2.62
1187,1107,712,28.78
1188,727,590,29.17
1189,284,941,42.97
1190,540,372,27.72
1191,760,465,40.75
1192,1342,125,21.06
1193,751,280,39.47
1194,504,713,13.2
1195,124,673,48.71
1196,1382,1001,21.17
1197,207,952,41.69
1198,1416,1008,6.42
1199,1202,1437,17.7
1200,740,1385,36.02
1201,947,894,10.51
1202,1274,935,36.23
1203,1067,969,39.45
1204,958,578,15.1
1205,950,71,45.19
1206,1110,178,14.6
1207,904,1163,48.05
1208,1497,1425,4.67
1209,1496,381,33.6
1210,810,753,12.32
1211,824,181,49.58
1212,351,1018,27.45
1213,651,406,22.81
1214,1203,695,29.44
1215,895,1266,14.61
1216,635,832,29.84
1217,1088,1340,41.53
1218,471,137,27.12
1219,817,244,12.77
1220,162,342,25.0
1221,1172,582,21.93
1222,189,50,17.61
1223,604,1460,31.83
1224,730,705,30.96
1225,124,142,18.79
1226,681,19,1.18
1227,552,666,35.36
1228,805,301,29.54
1229,282,596,15.04
1230,182,753,11.07
1231,57,702,37.52
1232,425,218,30.46
1233,258,1343,45.83
1234,1236,927,12.99
1235,1346,575,42.26
1236,564,1351,46.11
1237,1165,1232,22.13
1238,271,957,10.11
1239,1050,214,33.52
1240,366,1137,18.06
1241,91,349,4.72
1242,1426,778,14.19
1243,1237,1434,23.49
1244,257,100,28.63
1245,1202,1269,32.19
1246,796,842,14.34
1247,885,276,26.66
1248,41,160,45.95
1249,1254,841,21.55
1250,823,1130,19.03
1251,716,208,37.43
1252,1360,1247,7.62
1253,569,169,18.13
1254,1375,1129,23.92
1255,1209,762,31.73
1256,77,786,12.13
1257,1320,263,23.75
1258,99,846,10.21
1259,697,932,4.53
1260,104,55,30.05
1261,523,260,31.22
1262,142,301,26.37
1263,1272,980,48.45
1264,1461,890,36.24
1265,985,335,44.15
1266,645,205,19.16
1267,1241,275,10.39
1268,721,1086,31.51
1269,1252,175,41.62
1270,691,720,22.68
1271,533,679,27.49
1272,195,7,39.09
1273,1404,778,36.0
1274,520,520,20.11
1275,1239,705,26.44
1276,266,482,24.12
1277,924,169,7.82
1278,78,5,12.36
1279,823,592,17.5
1280,843,1077,30.59
1281,1227,274,36.12
1282,286,994,6.42
1283,403,527,40.64
1284,71,193,34.05
1285,192,366,45.19
1286,187,973,37.97
1287,867,1228,40.52
1288,66,1263,24.77
1289,1354,401,49.88
1290,1060,21,41.13
1291,480,410,22.62
1292,135,427,34.86
1293,762,698,34.46
1294,944,165,20.34
1295,1134,478,13.31
1296,1068,1286,44.12
1297,152,1094,46.99
1298,956,342,30.05
1299,602,745,8.07
1300,1041,777,28.75
1301,833,1318,3.8
1302,190,205,43.93
1303,1099,396,21.53
1304,939,573,40.39
1305,1271,65,30.26
1306,915,872,39.37
1307,1023,1159,22.37
1308,1124,450,41.27
1309,176,317,44.94
1310,89,929,31.78
1311,850,1109,49.87
1312,215,1229,40.77
1313,644,208,7.05
1314,36,256,37.44
1315,246,233,44.04
1316,571,1266,1.64
1317,168,98,26.85
1318,378,1067,38.01
1319,347,864,31.79
1320,652,1122,25.49
1321,100,590,32.41
1322,905,668,43.41
1323,1467,1347,36.7
1324,323,988,28.33
1325,568,102,43.9
1326,979,1073,10.0
1327,1165,643,47.28
1328,831,187,13.54
1329,1457,1386,13.54
1330,809,730,30.11
1331,137,127,47.04
1332,215,766,20.06
1333,161,1072,2.93
1334,968,68,8.18
1335,1068,845,10.67
1336,453,106,8.86
1337,847,223,35.66
1338,400,466,11.47
1339,947,592,48.58
1340,1487,283,6.13
1341,1466,1163,33.14
1342,302,1473,48.69
1343,1119,1047,16.54
1344,904,618,35.99
1345,479,1161,11.84
1346,1478,738,21.21
1347,168,1177,5.8
1348,1103,1201,34.18
1349,660,1459,17.06
1350,626,1140,25.6
1351,1101,358,32.0
1352,726,110,1.38
1353,592,270,41.0
1354,827,605,25.83
1355,176,996,21.27
1356,1434,405,11.58
1357,661,53,19.97
1358,1078,1458,31.96
1359,1038,792,38.12
1360,810,1401,5.04
1361,1066,764,45.58
1362,814,1282,34.62
1363,1415,1079,9.92
1364,736,953,15.65
1365,237,760,34.49
1366,436,296,2.53
1367,739,1202,40.48
1368,382,393,43.02
1369,37,308,14.45
1370,827,768,29.45
1371,530,1410,14.51
1372,409,522,47.15
1373,385,1291,27.22
1374,1072,359,27.67
1375,1097,1397,11.85
1376,1136,612,29.09
1377,1216,102,44.3
1378,930,1037,38.67
1379,188,1048,10.9
1380,65,1103,23.11
1381,63,1071,15.94
1382,514,964,16.86
1383,907,925,9.2
1384,1396,1280,40.87
1385,454,560,48.02
1386,1305,872,10.46
1387,1438,601,22.81
1388,1105,546,15.28
1389,1368,232,8.63
1390,431,354,46.05
1391,187,628,22.76
1392,1410,1447,10.2
1393,807,951,29.01
1394,767,395,46.51
1395,588,874,6.07
1396,772,1141,5.51
1397,219,406,23.82
1398,1324,1328,46.07
1399,475,1150,28.56
1400,108,546,43.61
1401,929,821,26.82
1402,59,532,39.87
1403,627,41,7.78
1404,395,1127,35.82
1405,1495,972,31.61
1406,708,690,37.44
1407,135,1217,43.96
1408,792,1212,31.59
1409,826,257,19.94
1410,812,1424,16.2
1411,922,514,22.15
1412,1396,1175,23.79
1413,81,699,44.28
1414,247,1215,30.29
1415,746,185,1.24
1416,184,16,8.05
1417,404,679,13.36
1418,375,35,13.22
1419,1168,438,44.82
1420,1253,195,43.88
1421,384,200,27.53
1422,1449,202,47.24
1423,369,898,42.36
1424,706,1352,36.43
1425,1159,1332,34.76
1426,1088,1311,41.27
1427,1342,1476,16.93
1428,177,845,33.36
1429,79,385,47.54
1430,656,954,11.52
1431,103,998,31.06
1432,592,128,35.19
1433,985,361,18.91
1434,300,1359,38.86
1435,1443,1001,46.74
1436,1374,53,42.74
1437,1251,11,1.26
1438,1113,947,27.16
1439,474,1084,14.06
1440,537,482,37.84
1441,77,1498,42.46
1442,1197,838,43.8
1443,571,185,19.13
1444,1006,799,36.8
1445,852,1319,17.05
1446,712,537,12.43
1447,408,1466,43.86
1448,816,1488,18.25
1449,36,254,9.68
1450,155,840,28.41
1451,1365,1340,1.33
1452,460,1011,29.93
1453,274,877,22.67
1454,1121,105,23.3
1455,661,1189,40.19
1456,874,1188,31.89
1457,1203,80,36.44
1458,652,1054,39.92
1459,36,1442,39.71
1460,862,438,30.7
1461,640,702,26.3
1462,19,168,10.86
1463,1080,1242,44.29
1464,1424,905,16.98
1465,171,325,38.6
1466,1062,954,27.82
1467,735,1247,8.6
1468,814,964,36.2
1469,1038,998,36.15
1470,656,611,10.99
1471,1264,257,34.36
1472,571,1217,44.58
1473,488,1109,41.74
1474,558,53,43.41
1475,1308,898,11.86
1476,1440,1008,48.91
1477,730,1158,22.76
1478,711,338,31.71
1479,420,1238,30.43
1480,1247,337,23.25
1481,598,369,5.48
1482,71,596,37.6
1483,1278,1355,24.12
1484,307,233,38.1
1485,1196,688,22.65
1486,171,842,43.01
1487,213,127,44.64
1488,481,690,40.3
1489,1193,374,39.39
1490,1010,212,38.77
1491,1467,862,29.42
1492,592,32,49.58
1493,12,221,27.74
1494,1188,637,8.15
1495,317,1047,42.95
1496,325,605,20.24
1497,491,859,33.95
1498,662,160,19.49
1499,415,1051,36.08
1500,886,191,19.88
