id_cliente,num_ordenes,ingresos_totales,primera_orden,ultima_orden,nombre_empresa,ciudad,ticket_promedio
2,2,691.99,2025-01-20,2025-05-23,Garriga LLC,Valladolid,345.995
3,1,7008.56,2025-01-31,2025-01-31,Jordán-Izquierdo,La Coruña,7008.56
5,1,4744.6,2025-06-09,2025-06-09,Galván PLC,Zaragoza,4744.6
6,1,0.0,2025-05-20,2025-05-20,Conesa PLC,Guipúzcoa,0.0
7,1,4388.1,2024-07-27,2024-07-27,Rodríguez Ltd,Cádiz,4388.1
8,2,3635.76,2025-04-03,2025-06-13,Casanovas Group,Álava,1817.88
9,1,0.0,2024-08-02,2024-08-02,"Molins, Tello and Bonet",Valladolid,0.0
10,2,722.8,2024-07-17,2025-05-05,Cuadrado-Marti,Lleida,361.4
11,1,0.0,2025-05-03,2025-05-03,"Leiva, Nogueira and Seguí",Ceuta,0.0
12,2,10424.87,2024-11-16,2025-06-01,Guardiola-Rodriguez,León,5212.435
14,1,0.0,2024-08-31,2024-08-31,Barrio-Botella,Zamora,0.0
15,1,0.0,2024-11-03,2024-11-03,Balaguer Group,Huesca,0.0
20,1,6999.26,2024-12-31,2024-12-31,Bernat and Sons,Girona,6999.26
24,1,284.32,2024-10-30,2024-10-30,"Colomer, Escrivá and Alberto",Toledo,284.32
26,1,1059.24,2025-05-15,2025-05-15,Cobos-Díaz,Málaga,1059.24
31,1,1433.13,2024-10-20,2024-10-20,Uribe and Sons,Baleares,1433.13
33,4,421.68,2024-07-28,2025-06-11,Camacho Inc,Palencia,105.42
35,2,8322.16,2024-08-28,2025-03-21,Sans and Sons,Lugo,4161.08
38,1,4471.46,2024-10-05,2024-10-05,Ortuño-Pazos,Segovia,4471.46
40,3,10549.84,2024-10-09,2025-05-04,Paniagua PLC,Granada,3516.6133333333332
41,2,8570.66,2024-08-15,2025-04-21,Cuadrado-Vergara,Castellón,4285.33
43,1,0.0,2024-12-10,2024-12-10,Abril Group,Ceuta,0.0
44,2,2866.4,2025-04-13,2025-04-19,Ibañez-Ariño,Zamora,1433.2
47,2,0.0,2024-10-29,2025-01-07,Pérez Inc,Madrid,0.0
48,2,8376.55,2024-10-06,2024-12-12,"Galván, Paniagua and Carreras",Guipúzcoa,4188.275
49,3,13238.869999999999,2025-01-19,2025-06-09,Bastida Ltd,Barcelona,4412.956666666666
50,1,0.0,2024-12-22,2024-12-22,"Solsona, Artigas and Cañete",Zamora,0.0
52,1,8517.140000000001,2025-03-12,2025-03-12,Cabello Inc,Cantabria,8517.140000000001
55,1,4803.75,2025-02-22,2025-02-22,Morante LLC,Segovia,4803.75
56,4,14938.86,2024-07-01,2025-01-27,Solsona Group,Navarra,3734.715
58,1,0.0,2025-05-28,2025-05-28,Beltran-Arce,Salamanca,0.0
59,1,0.0,2025-01-27,2025-01-27,"Giménez, Espinosa and Pablo",Lugo,0.0
60,2,9309.96,2024-10-05,2025-03-20,"Torralba, Cáceres and Franco",Guipúzcoa,4654.98
62,2,5224.59,2024-11-14,2025-03-16,Coello and Sons,Ourense,2612.295
63,1,8742.449999999999,2025-05-12,2025-05-12,Esteve-Figueras,Las Palmas,8742.449999999999
64,1,294.84,2025-03-07,2025-03-07,"Goñi, Aguiló and Guerrero",Guadalajara,294.84
65,1,526.56,2025-05-04,2025-05-04,Roig and Sons,Badajoz,526.56
67,2,5731.719999999999,2024-09-10,2025-02-23,Falcó Ltd,Navarra,2865.8599999999997
68,2,238.28,2024-12-11,2025-06-03,Palacios PLC,Lleida,119.14
69,2,3020.3300000000004,2024-07-31,2025-02-25,"Seguí, Blasco and Bayo",Barcelona,1510.1650000000002
70,1,12494.02,2024-12-30,2024-12-30,Nevado-Hervia,Valladolid,12494.02
71,1,3415.62,2024-07-14,2024-07-14,Gomis-Echevarría,Cuenca,3415.62
73,3,9868.02,2024-08-15,2025-05-25,Cañizares-Luís,Barcelona,3289.34
74,2,2945.04,2024-07-15,2025-03-09,Nogueira-Cabeza,Ávila,1472.52
75,1,0.0,2025-02-02,2025-02-02,Mata Group,Alicante,0.0
76,1,6212.06,2024-10-20,2024-10-20,Durán-Artigas,Ceuta,6212.06
77,4,6002.360000000001,2024-09-13,2025-06-16,Peñalver LLC,Alicante,1500.5900000000001
78,1,0.0,2024-12-02,2024-12-02,Ríos and Sons,Salamanca,0.0
79,1,6509.92,2025-04-11,2025-04-11,Puga-Pinto,León,6509.92
80,1,2897.95,2024-06-17,2024-06-17,Gibert Group,Cantabria,2897.95
81,2,4759.09,2024-12-17,2025-04-30,"Tirado, Paredes and Falcón",Navarra,2379.545
85,2,3391.54,2025-05-24,2025-05-31,Andrade PLC,Guadalajara,1695.77
86,1,0.0,2025-02-02,2025-02-02,Sobrino LLC,Albacete,0.0
89,1,0.0,2024-07-05,2024-07-05,"Acero, Solé and Montoya",Burgos,0.0
90,1,0.0,2025-04-23,2025-04-23,Reyes PLC,Palencia,0.0
91,1,9825.75,2024-10-11,2024-10-11,Espada Inc,Segovia,9825.75
93,2,588.64,2025-04-17,2025-05-08,"Chaparro, Cañizares and Naranjo",Castellón,294.32
95,1,0.0,2025-03-04,2025-03-04,Barba and Sons,Lugo,0.0
96,4,208.68,2024-08-14,2025-05-11,Guzmán-Farré,Murcia,52.17
100,2,21290.289999999997,2024-08-31,2024-11-13,Díez Ltd,Huesca,10645.144999999999
101,2,0.0,2024-11-21,2024-12-31,Pina LLC,Barcelona,0.0
102,1,0.0,2024-07-24,2024-07-24,"Carro, Vizcaíno and Benítez",Soria,0.0
104,1,4865.62,2025-05-04,2025-05-04,Carbajo Group,Santa Cruz de Tenerife,4865.62
105,1,2967.23,2024-10-26,2024-10-26,Tomé and Sons,Ceuta,2967.23
106,2,14334.84,2024-07-26,2024-12-06,Capdevila-Rozas,Albacete,7167.42
108,1,1431.94,2024-10-04,2024-10-04,Barrera PLC,Zaragoza,1431.94
109,1,7712.36,2025-02-02,2025-02-02,"Toro, Vidal and Chaves",Cádiz,7712.36
110,1,5310.17,2024-09-20,2024-09-20,"Pedro, Pinedo and Villar",Huesca,5310.17
111,2,10153.82,2024-07-30,2025-03-29,Villa-Armas,Jaén,5076.91
112,1,7375.8099999999995,2025-04-21,2025-04-21,Arcos LLC,Las Palmas,7375.8099999999995
113,1,9097.109999999999,2024-10-12,2024-10-12,Amigó Inc,Valencia,9097.109999999999
114,2,11845.150000000001,2024-10-28,2025-04-16,"Falcó, Amores and Valenzuela",Lugo,5922.575000000001
116,2,14086.880000000001,2025-01-22,2025-01-25,"Elorza, Corbacho and Soriano",Cádiz,7043.4400000000005
117,1,0.0,2024-07-25,2024-07-25,Fortuny-Zaragoza,Tarragona,0.0
118,1,0.0,2024-07-10,2024-07-10,"Paniagua, Nevado and Olivera",Cádiz,0.0
120,1,0.0,2024-06-25,2024-06-25,"Clavero, Baños and Campillo",Tarragona,0.0
121,3,2875.3100000000004,2024-11-30,2025-02-06,"Mariscal, Orozco and Cantero",Baleares,958.4366666666668
123,2,3518.76,2024-09-18,2024-10-25,Cuervo Group,Sevilla,1759.38
126,1,3140.56,2024-12-03,2024-12-03,Gelabert Inc,Zamora,3140.56
127,2,8581.03,2024-08-28,2024-10-28,Arroyo LLC,Alicante,4290.515
130,1,1240.5,2024-07-13,2024-07-13,Llorente Group,Huesca,1240.5
132,3,0.0,2024-07-02,2025-01-16,"Batlle, Moraleda and Valcárcel",Navarra,0.0
133,2,5067.46,2024-08-26,2024-12-14,Lloret-Pareja,Teruel,2533.73
134,3,11842.26,2024-06-22,2025-06-07,Pont Group,Huelva,3947.42
137,1,3755.88,2024-10-05,2024-10-05,"Mancebo, Ariza and Egea",Valladolid,3755.88
138,1,2668.1200000000003,2024-07-29,2024-07-29,"Sabater, Barrios and Domingo",León,2668.1200000000003
140,2,0.0,2024-11-27,2025-01-15,Neira-Carreras,Asturias,0.0
143,1,6505.65,2024-07-16,2024-07-16,Diéguez Inc,Sevilla,6505.65
145,2,7826.9400000000005,2024-08-06,2025-04-12,Atienza Group,La Coruña,3913.4700000000003
146,1,1811.25,2024-06-30,2024-06-30,Amaya PLC,León,1811.25
149,2,1914.56,2024-07-08,2025-01-08,Abad-Soria,Ourense,957.28
150,1,2919.4100000000003,2024-09-25,2024-09-25,"Sanmiguel, Cabanillas and Guardiola",La Coruña,2919.4100000000003
151,1,0.0,2024-07-20,2024-07-20,"Anguita, Montaña and Téllez",Valladolid,0.0
152,2,0.0,2024-10-10,2025-01-05,Sanjuan PLC,Ourense,0.0
154,1,416.9,2024-12-04,2024-12-04,"Santamaría, Juliá and Barón",Navarra,416.9
156,1,0.0,2025-04-28,2025-04-28,"Moll, Ramos and Pinilla",Málaga,0.0
158,2,1622.88,2024-09-30,2025-02-16,"Carro, Rincón and Manzano",Asturias,811.44
160,1,5038.87,2024-10-03,2024-10-03,Jaume LLC,Salamanca,5038.87
161,3,14757.05,2024-11-26,2025-06-06,Barragán-Acevedo,Tarragona,4919.016666666666
162,1,0.0,2024-11-02,2024-11-02,Riquelme-Cabeza,Ciudad,0.0
164,1,6871.870000000001,2024-06-24,2024-06-24,Solana Ltd,La Rioja,6871.870000000001
165,1,2721.51,2025-06-03,2025-06-03,"Gabaldón, Acevedo and Clavero",Salamanca,2721.51
168,2,9075.68,2024-09-15,2025-06-15,"Oliver, Garmendia and Alcolea",Granada,4537.84
170,1,3964.21,2024-10-13,2024-10-13,Patiño-Zamorano,Albacete,3964.21
171,2,7575.12,2024-07-25,2024-08-23,Castro-Cases,Madrid,3787.56
173,2,10564.710000000001,2024-11-26,2025-01-27,"Molins, Valenzuela and Núñez",Segovia,5282.3550000000005
174,1,0.0,2024-06-28,2024-06-28,Portillo-Polo,Lugo,0.0
175,2,706.32,2024-08-08,2024-12-15,"Carro, Navarrete and Francisco",Málaga,353.16
179,1,1193.24,2025-01-19,2025-01-19,Lloret-Guardiola,Navarra,1193.24
181,1,90.77,2025-06-15,2025-06-15,Pla-Acosta,Huelva,90.77
183,2,6394.78,2024-07-25,2024-10-10,"Lillo, Pintor and Romeu",Burgos,3197.39
185,1,7498.07,2025-01-15,2025-01-15,Cabrero Ltd,Murcia,7498.07
188,1,4533.24,2024-08-10,2024-08-10,"Quero, Perera and Arteaga",Huelva,4533.24
189,1,8116.59,2025-04-11,2025-04-11,Navarrete-Roma,Alicante,8116.59
194,2,8837.52,2024-12-02,2025-03-29,Canet LLC,Asturias,4418.76
195,1,0.0,2025-04-24,2025-04-24,Iglesia-Cabrero,Guadalajara,0.0
196,1,0.0,2024-12-13,2024-12-13,Riba Ltd,Salamanca,0.0
197,1,6095.14,2025-01-09,2025-01-09,Jimenez LLC,Zaragoza,6095.14
198,1,4146.78,2025-01-23,2025-01-23,"Roma, Ocaña and Maldonado",Vizcaya,4146.78
199,2,0.0,2025-03-25,2025-04-22,Galiano-Guitart,La Coruña,0.0
200,1,0.0,2025-04-04,2025-04-04,Esparza-Herranz,Albacete,0.0
201,1,0.0,2024-11-27,2024-11-27,Quero Ltd,Cáceres,0.0
202,2,0.0,2024-11-13,2025-04-04,Canet Inc,Huesca,0.0
203,1,0.0,2025-01-12,2025-01-12,Manjón-Reyes,Córdoba,0.0
204,1,8073.49,2024-08-23,2024-08-23,Agudo-Guillén,Soria,8073.49
206,1,7203.38,2025-03-27,2025-03-27,Barón-Arnal,Murcia,7203.38
209,1,0.0,2024-12-27,2024-12-27,"Pallarès, Meléndez and Salmerón",Albacete,0.0
211,1,4346.099999999999,2025-01-17,2025-01-17,"Tudela, Nogueira and Rosa",Ourense,4346.099999999999
214,3,5181.16,2024-08-01,2025-06-08,"Aller, Velázquez and Solé",Cuenca,1727.0533333333333
215,2,6974.76,2024-08-24,2025-06-11,"Alcántara, Prats and Canals",La Coruña,3487.38
218,1,0.0,2024-06-26,2024-06-26,Cózar-Tomé,Cáceres,0.0
219,1,0.0,2024-11-04,2024-11-04,"Morán, Crespo and Calvo",León,0.0
221,2,7703.3,2024-08-25,2024-12-07,Gaya LLC,Guipúzcoa,3851.65
223,1,0.0,2024-10-12,2024-10-12,Herranz-Pedraza,Cantabria,0.0
227,2,2479.65,2024-09-08,2025-06-05,Parejo Group,Teruel,1239.825
228,1,0.0,2025-06-01,2025-06-01,Castells Inc,León,0.0
231,2,5598.75,2024-11-06,2025-05-24,Crespi-Ríos,Almería,2799.375
232,1,2544.92,2025-02-20,2025-02-20,Mosquera-Durán,Las Palmas,2544.92
233,2,5776.15,2024-06-30,2025-01-01,"Montalbán, Rivas and Giménez",Melilla,2888.075
234,1,3478.74,2024-08-11,2024-08-11,Plana-Fajardo,Toledo,3478.74
235,1,1333.8,2025-04-15,2025-04-15,Romero Inc,Ceuta,1333.8
237,2,6492.550000000001,2024-12-13,2025-01-04,Trillo and Sons,Teruel,3246.2750000000005
238,2,11271.27,2025-03-27,2025-05-23,Mateu-Gracia,Albacete,5635.635
239,3,21817.22,2024-07-06,2025-01-23,"Cuevas, Serrano and Alcalde",Baleares,7272.406666666667
241,3,10117.11,2024-08-17,2025-05-28,Aguilar and Sons,Toledo,3372.3700000000003
242,6,13992.740000000002,2024-08-24,2025-05-28,Acedo Ltd,Jaén,2332.1233333333334
243,1,0.0,2024-11-12,2024-11-12,"Alcolea, Bellido and Polo",Guadalajara,0.0
244,1,3583.82,2024-06-30,2024-06-30,Verdejo PLC,Huesca,3583.82
245,1,2065.18,2024-12-20,2024-12-20,Bou-Valencia,Las Palmas,2065.18
246,2,20044.93,2024-10-31,2025-04-11,"Aparicio, Ferrández and Marcos",La Coruña,10022.465
247,1,3839.85,2025-03-21,2025-03-21,"Tomé, Bejarano and Barrera",Cáceres,3839.85
249,1,0.0,2024-06-18,2024-06-18,"Lluch, Carlos and España",Córdoba,0.0
250,2,3070.86,2024-09-21,2025-01-27,Murcia PLC,Córdoba,1535.43
251,1,726.0,2024-08-07,2024-08-07,Campillo Inc,Las Palmas,726.0
252,1,0.0,2025-01-10,2025-01-10,Parra-Tejada,Ceuta,0.0
253,2,2435.45,2024-10-03,2024-11-21,Ruano-Artigas,Ávila,1217.725
255,1,9052.38,2025-01-09,2025-01-09,"Parra, Sáenz and Galván",Ávila,9052.38
256,1,6093.12,2024-08-31,2024-08-31,Miró-Jara,Guadalajara,6093.12
259,3,6979.49,2024-07-21,2025-03-31,Benavente-Martinez,Cádiz,2326.4966666666664
260,1,2424.24,2024-12-21,2024-12-21,Milla-Plaza,Málaga,2424.24
262,2,749.6999999999999,2024-11-03,2024-12-06,Sevillano Inc,Santa Cruz de Tenerife,374.84999999999997
263,2,1126.5,2025-01-28,2025-02-09,Ros PLC,Zaragoza,563.25
264,2,2712.18,2024-09-26,2025-06-08,Herrera-Perelló,Jaén,1356.09
266,2,10645.57,2024-11-11,2025-02-19,Linares-Arnal,Ávila,5322.785
268,1,7288.639999999999,2025-01-16,2025-01-16,"Arnal, Ayllón and Baró",Cáceres,7288.639999999999
270,1,12408.119999999999,2024-11-10,2024-11-10,Campillo-Alberdi,Granada,12408.119999999999
271,1,3295.17,2024-07-29,2024-07-29,Arco-Valbuena,Salamanca,3295.17
272,2,5849.27,2024-07-29,2024-09-19,Aliaga-Reina,Huesca,2924.635
273,2,10982.66,2024-10-07,2024-10-30,Escamilla-Olmo,Jaén,5491.33
275,1,2535.12,2025-01-06,2025-01-06,Morell-Hernandez,Lugo,2535.12
276,1,3744.1499999999996,2024-10-13,2024-10-13,Santamaria-Ponce,Girona,3744.1499999999996
278,1,3166.71,2024-11-14,2024-11-14,"Olivares, Cabeza and Pastor",Lleida,3166.71
279,1,0.0,2024-12-27,2024-12-27,Posada-Mancebo,Lugo,0.0
282,2,8221.24,2024-11-06,2025-02-13,Barreda Group,Valencia,4110.62
284,2,5793.670000000001,2025-01-13,2025-03-29,Vilanova Group,Castellón,2896.8350000000005
285,2,10962.829999999998,2024-08-07,2025-04-14,Vizcaíno and Sons,Cádiz,5481.414999999999
290,2,6654.96,2025-03-13,2025-03-13,"Sotelo, Amor and Borrego",Zaragoza,3327.48
291,1,0.0,2024-07-25,2024-07-25,"Cabo, García and Peláez",Castellón,0.0
293,2,3467.5199999999995,2025-03-23,2025-06-04,Boix PLC,León,1733.7599999999998
294,1,9466.46,2024-10-03,2024-10-03,Pou LLC,Pontevedra,9466.46
295,2,4221.98,2024-10-07,2025-06-05,Guerrero Ltd,Ávila,2110.99
296,1,0.0,2025-05-14,2025-05-14,"Ferrández, Porta and Olmedo",Castellón,0.0
298,1,0.0,2024-12-25,2024-12-25,Montserrat and Sons,Álava,0.0
299,2,8479.439999999999,2024-11-03,2025-02-28,Gargallo-Cerezo,Melilla,4239.719999999999
300,1,10386.6,2025-06-15,2025-06-15,"Novoa, Llamas and Camps",Palencia,10386.6
303,3,3833.88,2024-12-29,2025-05-22,"Dávila, Bermúdez and Alegre",Zaragoza,1277.96
304,1,0.0,2025-03-15,2025-03-15,Pellicer-Chacón,Pontevedra,0.0
306,3,6685.74,2024-06-25,2025-01-23,Rovira PLC,Albacete,2228.58
308,4,16427.870000000003,2024-09-19,2024-11-11,Castro LLC,Santa Cruz de Tenerife,4106.967500000001
309,1,3937.39,2024-12-31,2024-12-31,Galván LLC,Melilla,3937.39
311,1,264.28,2024-07-05,2024-07-05,Aroca PLC,Jaén,264.28
312,1,3376.46,2024-12-27,2024-12-27,"Giménez, Ordóñez and Tomás",Almería,3376.46
314,1,9681.09,2025-02-22,2025-02-22,"Verdugo, Saura and Bonilla",Málaga,9681.09
315,1,0.0,2025-01-27,2025-01-27,Castells-Crespo,La Coruña,0.0
316,2,5531.52,2024-09-19,2024-10-10,"Agullo, Juan and Paniagua",Cáceres,2765.76
317,3,0.0,2024-06-26,2024-12-31,Cabanillas Group,Ciudad,0.0
318,3,4948.33,2024-09-06,2025-04-26,Monreal-Perales,Cantabria,1649.4433333333334
319,1,0.0,2024-08-16,2024-08-16,Calvet Group,Girona,0.0
321,1,0.0,2024-09-01,2024-09-01,"Cuevas, Solana and Poza",Granada,0.0
322,1,5794.71,2025-02-10,2025-02-10,Elías Group,Ciudad,5794.71
323,1,4580.9400000000005,2024-08-08,2024-08-08,"Tovar, Carrera and Palma",Valencia,4580.9400000000005
325,1,0.0,2024-11-29,2024-11-29,Pol LLC,Lleida,0.0
327,1,5144.31,2024-10-05,2024-10-05,"Flores, Cañizares and Saez",Teruel,5144.31
328,1,0.0,2025-05-23,2025-05-23,Fajardo Ltd,Almería,0.0
329,5,13211.11,2024-07-13,2025-03-28,"Estevez, Nadal and Coello",Sevilla,2642.222
330,2,0.0,2024-12-23,2025-06-07,Capdevila Group,Lleida,0.0
331,2,4297.32,2025-03-21,2025-05-03,Tomé PLC,Ciudad,2148.66
332,1,4031.44,2025-03-22,2025-03-22,"Frías, Arregui and Vergara",Zaragoza,4031.44
333,1,5922.26,2024-11-02,2024-11-02,Rueda Inc,Vizcaya,5922.26
334,1,2953.2,2024-11-15,2024-11-15,Zurita-Juárez,León,2953.2
335,1,0.0,2024-12-27,2024-12-27,"Cerdán, Zabaleta and Briones",Alicante,0.0
338,1,4890.27,2025-05-01,2025-05-01,Roldan-Aragón,Albacete,4890.27
339,2,12691.8,2024-07-11,2024-09-03,Cruz Ltd,Málaga,6345.9
340,1,0.0,2025-05-24,2025-05-24,"Catalá, Morcillo and Roselló",Girona,0.0
341,1,627.25,2025-05-01,2025-05-01,"Esteban, Atienza and Larrea",Zamora,627.25
345,2,17418.88,2024-08-22,2025-03-14,Sanz-Cuervo,Teruel,8709.44
346,2,12709.37,2024-06-23,2024-08-22,"Berenguer, Maestre and Roda",Teruel,6354.685
349,1,2374.08,2025-04-25,2025-04-25,Romeu-Cabrera,Segovia,2374.08
350,1,126.48,2025-05-01,2025-05-01,Sanz and Sons,Teruel,126.48
352,1,4829.58,2024-08-05,2024-08-05,Cañellas-Benavente,Álava,4829.58
354,1,0.0,2025-01-31,2025-01-31,Romeu PLC,Jaén,0.0
355,1,4176.75,2025-05-01,2025-05-01,Lumbreras Group,Álava,4176.75
356,1,1227.47,2024-12-09,2024-12-09,Orozco Inc,Badajoz,1227.47
359,1,12847.59,2024-12-03,2024-12-03,Hernández-Blazquez,Zaragoza,12847.59
363,1,168.52,2025-03-31,2025-03-31,Molina-Figueroa,Alicante,168.52
365,1,5558.63,2025-03-11,2025-03-11,"Sánchez, Morán and Barreda",Huelva,5558.63
367,2,9239.44,2025-02-27,2025-04-06,Losa-Manzanares,Badajoz,4619.72
369,1,6338.280000000001,2025-03-18,2025-03-18,"Caparrós, Guitart and Barroso",Huelva,6338.280000000001
370,1,6845.04,2025-04-22,2025-04-22,Busquets-Donoso,Valladolid,6845.04
372,1,0.0,2025-02-24,2025-02-24,Naranjo LLC,Cádiz,0.0
373,2,18194.25,2024-08-07,2025-03-21,"Mayol, Azcona and Girona",Burgos,9097.125
374,1,5935.81,2024-07-16,2024-07-16,Cabrero LLC,Málaga,5935.81
375,1,1909.1,2025-05-20,2025-05-20,"Dominguez, Ruiz and Bauzà",Melilla,1909.1
376,3,4366.9,2024-07-10,2024-11-22,Balaguer Group,Teruel,1455.6333333333332
379,1,2901.0,2024-09-29,2024-09-29,Valverde LLC,Girona,2901.0
383,1,3872.52,2024-11-26,2024-11-26,Plana-Pou,Valladolid,3872.52
384,1,1895.82,2025-01-26,2025-01-26,Sáenz-Romero,Santa Cruz de Tenerife,1895.82
386,1,0.0,2024-12-26,2024-12-26,Merino-Andres,Murcia,0.0
388,1,199.0,2024-12-09,2024-12-09,Bayona-Huguet,Álava,199.0
390,2,10742.599999999999,2024-07-14,2024-09-22,Palma-Jara,Toledo,5371.299999999999
392,1,11258.92,2024-07-03,2024-07-03,Vazquez-Caro,Valladolid,11258.92
393,1,0.0,2025-04-26,2025-04-26,Andrés Group,Girona,0.0
394,3,1138.17,2024-12-21,2025-03-12,"Ruano, Sanz and Bellido",Cádiz,379.39000000000004
395,1,11913.95,2025-04-18,2025-04-18,Pulido Ltd,Barcelona,11913.95
396,1,0.0,2025-03-15,2025-03-15,Castell PLC,Melilla,0.0
397,1,0.0,2024-10-21,2024-10-21,Reguera Group,Burgos,0.0
400,2,8190.27,2024-07-15,2025-01-10,"Gabaldón, Moll and Cases",Tarragona,4095.135
401,1,2371.11,2025-04-13,2025-04-13,Llobet-Diéguez,Ourense,2371.11
403,2,11968.239999999998,2025-01-25,2025-04-20,Reguera Inc,Santa Cruz de Tenerife,5984.119999999999
404,2,18784.42,2024-07-08,2024-07-12,Albero-Exposito,Albacete,9392.21
405,4,9011.07,2024-09-09,2025-06-09,Molina-Patiño,Vizcaya,2252.7675
407,1,0.0,2025-05-06,2025-05-06,Royo-Llano,Murcia,0.0
409,1,7493.4400000000005,2024-12-20,2024-12-20,Goicoechea-Amo,Pontevedra,7493.4400000000005
410,1,6119.8,2025-06-02,2025-06-02,Arribas-Hierro,Ciudad,6119.8
413,2,13049.44,2024-11-01,2025-02-02,Álvaro-Estévez,Alicante,6524.72
414,1,772.8000000000001,2025-02-03,2025-02-03,Gibert and Sons,Ciudad,772.8000000000001
416,2,18032.469999999998,2024-08-26,2025-04-30,Seguí-Mancebo,Sevilla,9016.234999999999
417,1,4908.96,2024-10-23,2024-10-23,"Bonet, Palmer and Rodríguez",Zamora,4908.96
418,1,769.7199999999999,2024-07-13,2024-07-13,Rios and Sons,León,769.7199999999999
419,1,4014.36,2024-11-24,2024-11-24,"Haro, Castañeda and Aller",Murcia,4014.36
422,1,5289.7,2024-06-20,2024-06-20,Valls Ltd,Barcelona,5289.7
423,4,12761.099999999999,2024-08-30,2025-03-22,Vargas Ltd,Valladolid,3190.2749999999996
424,1,12159.32,2024-10-13,2024-10-13,"Jara, Santamaria and Escamilla",Lleida,12159.32
425,1,0.0,2025-05-07,2025-05-07,Bermúdez-Calleja,La Coruña,0.0
426,2,3040.2599999999998,2024-09-24,2025-05-03,Campo-Borrell,Valladolid,1520.1299999999999
428,2,11304.400000000001,2024-07-11,2024-09-03,"Tejero, Cabrera and Albero",Girona,5652.200000000001
429,1,0.0,2025-04-08,2025-04-08,Luque Inc,Jaén,0.0
432,1,0.0,2024-12-21,2024-12-21,"Gargallo, Vives and Cobos",Badajoz,0.0
435,1,0.0,2024-09-29,2024-09-29,Diéguez Ltd,Melilla,0.0
436,1,9080.97,2024-09-17,2024-09-17,Arco-Rosell,Cuenca,9080.97
437,2,1301.08,2024-07-14,2024-11-08,Luján-Martín,Segovia,650.54
438,3,4114.84,2024-10-31,2025-05-29,Guillén-Bernat,Sevilla,1371.6133333333335
440,1,1930.2,2024-07-07,2024-07-07,"Sandoval, Sarmiento and Lledó",Zamora,1930.2
442,1,0.0,2024-11-10,2024-11-10,Torralba PLC,Córdoba,0.0
445,1,0.0,2025-04-14,2025-04-14,"Pera, Nogueira and Puig",Ciudad,0.0
447,1,0.0,2024-11-25,2024-11-25,Capdevila-Peláez,Navarra,0.0
448,4,32137.120000000003,2024-09-19,2025-03-24,"Serra, Vilar and Bayón",Segovia,8034.280000000001
451,1,5131.5,2024-08-23,2024-08-23,Seco-Heredia,Granada,5131.5
452,2,715.32,2024-07-17,2025-05-14,Giralt and Sons,Lleida,357.66
453,1,0.0,2024-12-29,2024-12-29,Aragonés Inc,Guipúzcoa,0.0
454,1,0.0,2024-06-29,2024-06-29,Bru-Rosa,Asturias,0.0
458,1,1808.04,2025-03-11,2025-03-11,"Gallart, Alcalá and Villalonga",Cáceres,1808.04
460,1,71.79,2025-03-13,2025-03-13,Tena LLC,La Coruña,71.79
462,1,1126.16,2024-12-08,2024-12-08,Isern-Rueda,Valencia,1126.16
463,1,9742.54,2024-10-20,2024-10-20,Solera-Aroca,Toledo,9742.54
464,2,16614.94,2024-10-03,2024-10-20,Bernad-Arregui,Zaragoza,8307.47
465,2,0.0,2025-02-17,2025-04-29,Márquez-Dávila,Asturias,0.0
466,2,9483.79,2024-08-23,2024-12-06,Arias PLC,Guadalajara,4741.895
467,1,308.9,2024-12-16,2024-12-16,"Calatayud, Cases and Bilbao",Asturias,308.9
468,1,3521.82,2024-11-21,2024-11-21,"Guardiola, Narváez and Benet",Guadalajara,3521.82
469,2,1915.71,2025-02-28,2025-04-13,Morata PLC,Segovia,957.855
470,1,2521.13,2024-11-14,2024-11-14,"Pujadas, Roda and Castrillo",La Rioja,2521.13
471,1,0.0,2024-10-03,2024-10-03,Doménech LLC,Lugo,0.0
472,1,0.0,2024-09-12,2024-09-12,"Rozas, Barón and Feliu",Melilla,0.0
474,2,0.0,2025-02-21,2025-03-04,Falcó Group,Ceuta,0.0
475,1,370.76,2025-04-16,2025-04-16,Alvarado Group,Girona,370.76
476,1,5029.26,2025-02-09,2025-02-09,Iglesia Group,Pontevedra,5029.26
478,2,11081.460000000003,2024-12-12,2025-01-10,Vélez Ltd,La Coruña,5540.730000000001
479,1,7363.76,2025-02-12,2025-02-12,Agullo-Arco,Cáceres,7363.76
480,2,12433.900000000001,2024-12-15,2025-04-04,"Carretero, Gibert and Guitart",Segovia,6216.950000000001
481,1,0.0,2024-07-11,2024-07-11,"Roselló, Piquer and Roma",Valencia,0.0
484,2,6139.74,2025-03-14,2025-03-19,Quirós-Pinedo,Sevilla,3069.87
485,2,0.0,2024-08-05,2025-02-10,"Cózar, Viana and Uribe",Valencia,0.0
486,1,1754.9699999999998,2024-11-11,2024-11-11,"Hurtado, Vizcaíno and García",Ciudad,1754.9699999999998
488,1,0.0,2024-09-28,2024-09-28,"Machado, Álvarez and Vizcaíno",Cáceres,0.0
491,1,6251.33,2024-08-13,2024-08-13,Bernat-Ribas,Madrid,6251.33
492,1,6088.68,2024-10-06,2024-10-06,"Boada, Tenorio and Armas",Cuenca,6088.68
493,1,14580.080000000002,2024-07-07,2024-07-07,"Catalán, Garrido and Llorente",Burgos,14580.080000000002
494,1,0.0,2024-12-07,2024-12-07,Cañas Inc,Melilla,0.0
499,2,1952.88,2025-04-21,2025-06-09,Torrent Group,Melilla,976.44
500,1,6318.62,2025-01-17,2025-01-17,Riquelme Group,Huesca,6318.62
501,3,4493.44,2024-07-13,2025-03-05,Aznar-Araujo,Cuenca,1497.8133333333333
502,1,0.0,2024-10-20,2024-10-20,"Mate, Múgica and Vilanova",Huesca,0.0
504,2,12067.869999999999,2024-10-18,2025-04-03,Nicolau Inc,Segovia,6033.9349999999995
505,3,8678.67,2024-10-01,2025-05-10,"Samper, Briones and Casares",Cádiz,2892.89
506,3,16267.04,2024-06-19,2025-02-05,"Llamas, Egea and Camacho",Sevilla,5422.346666666667
507,1,14313.320000000002,2024-07-11,2024-07-11,Ariza-Arenas,Castellón,14313.320000000002
508,2,3671.95,2024-10-18,2025-03-25,"Mena, Durán and Hierro",Baleares,1835.975
510,1,1783.21,2025-05-08,2025-05-08,"Cardona, Núñez and Trillo",Lugo,1783.21
511,2,7251.42,2024-11-17,2025-04-27,Quintana-Llorente,Madrid,3625.71
512,1,0.0,2024-07-13,2024-07-13,Gual PLC,Valencia,0.0
513,1,3484.0,2025-01-05,2025-01-05,"Valls, Manrique and Salom",Ourense,3484.0
516,2,0.0,2024-10-05,2025-01-17,"Sierra, Vergara and Trujillo",Teruel,0.0
517,3,8817.31,2024-09-04,2025-04-15,"Pardo, Correa and Luján",Salamanca,2939.103333333333
518,1,3516.76,2024-12-23,2024-12-23,Peralta-Taboada,Sevilla,3516.76
520,2,9562.470000000001,2024-12-14,2025-03-26,"Bernad, Taboada and Esteve",Tarragona,4781.235000000001
521,1,329.79999999999995,2024-08-20,2024-08-20,"Rosselló, Fiol and Pozuelo",Segovia,329.79999999999995
524,2,7798.83,2024-08-29,2025-02-24,Barba and Sons,Lugo,3899.415
525,1,1976.0100000000002,2025-05-20,2025-05-20,Llano-Albero,León,1976.0100000000002
526,2,1147.91,2024-11-26,2025-03-11,Muro-Santiago,León,573.955
527,3,8276.96,2024-08-11,2025-04-26,Silva-Téllez,Ávila,2758.986666666666
528,1,8635.79,2024-11-08,2024-11-08,"Piñeiro, Zorrilla and Osuna",Valladolid,8635.79
529,2,8575.74,2024-09-10,2024-12-17,Arrieta PLC,Toledo,4287.87
530,3,9928.27,2024-09-25,2025-06-16,"Jordá, Gárate and Falcón",Pontevedra,3309.4233333333336
531,1,7082.700000000001,2025-02-27,2025-02-27,"Anguita, Palacio and Palomo",Madrid,7082.700000000001
532,2,10158.19,2024-10-26,2025-04-26,"Cortina, Calatayud and Azorin",La Coruña,5079.095
534,2,760.63,2024-12-15,2025-05-10,Gordillo Inc,Cantabria,380.315
535,1,3384.53,2024-11-25,2024-11-25,Blanco-Godoy,Ourense,3384.53
536,1,0.0,2025-01-09,2025-01-09,Amorós-Navarrete,Ourense,0.0
539,1,0.0,2024-09-17,2024-09-17,Arévalo Group,Sevilla,0.0
540,1,0.0,2025-04-11,2025-04-11,"Huguet, Pons and Peiró",Alicante,0.0
542,2,1962.14,2024-08-28,2025-02-08,Heras-Cánovas,Teruel,981.07
543,1,1233.98,2024-07-30,2024-07-30,"González, Manzano and Vallejo",Salamanca,1233.98
544,2,4175.17,2024-09-27,2025-03-08,Lobato and Sons,Alicante,2087.585
545,1,8637.2,2025-06-06,2025-06-06,Gallart-Ariza,Guadalajara,8637.2
547,1,0.0,2024-07-14,2024-07-14,Vélez-Morell,Toledo,0.0
548,1,3148.4,2024-07-27,2024-07-27,"Seguí, Abad and Alberto",Melilla,3148.4
551,1,5688.39,2025-02-10,2025-02-10,Trillo Group,Toledo,5688.39
554,1,0.0,2024-08-21,2024-08-21,"Chico, Heredia and Galvez",Ceuta,0.0
556,1,0.0,2024-11-23,2024-11-23,"Comas, Anglada and Acedo",Asturias,0.0
561,1,15911.64,2024-08-01,2024-08-01,Peral-Martín,Alicante,15911.64
562,1,11341.41,2025-06-13,2025-06-13,Oliver-Paz,Ciudad,11341.41
567,1,0.0,2024-06-25,2024-06-25,"Martinez, Muro and Castrillo",Murcia,0.0
569,1,3876.3,2025-05-26,2025-05-26,Carrión Ltd,Castellón,3876.3
570,1,0.0,2024-09-22,2024-09-22,Romero Ltd,Guipúzcoa,0.0
571,1,7234.75,2025-01-26,2025-01-26,Piquer-Ariza,Melilla,7234.75
572,3,15446.100000000002,2024-10-20,2025-05-15,Pintor PLC,Valencia,5148.700000000001
574,1,1885.64,2024-11-30,2024-11-30,"Comas, Izaguirre and Becerra",Cádiz,1885.64
576,1,1352.4,2025-01-04,2025-01-04,"Velasco, Vicente and Tejera",Granada,1352.4
581,1,0.0,2025-02-12,2025-02-12,Haro-Ramón,La Rioja,0.0
582,1,2784.6800000000003,2025-01-27,2025-01-27,Batalla Inc,Vizcaya,2784.6800000000003
583,2,0.0,2024-09-19,2025-01-05,Carrera Inc,Cádiz,0.0
585,2,330.18,2024-07-04,2024-08-03,"Duarte, Cerezo and Escrivá",Lleida,165.09
587,3,3216.56,2024-09-24,2025-05-01,Carretero-Cerro,Sevilla,1072.1866666666667
588,1,0.0,2025-06-04,2025-06-04,"Adán, Rivera and Oliva",Lugo,0.0
589,2,13512.169999999998,2024-09-06,2025-03-29,Pineda-Rodrigo,Pontevedra,6756.084999999999
590,1,8468.460000000001,2024-10-22,2024-10-22,Bertrán Group,La Coruña,8468.460000000001
591,4,3257.1,2024-11-23,2025-01-31,Arregui-Velázquez,Huesca,814.275
592,3,15882.6,2024-08-15,2025-02-15,Serna Ltd,Zamora,5294.2
594,2,8315.400000000001,2024-10-24,2025-02-06,Bustos Group,Granada,4157.700000000001
595,2,0.0,2025-03-26,2025-06-07,"Gallardo, Amores and García",Cuenca,0.0
597,2,4687.16,2024-08-20,2025-03-26,"Español, Torre and Borrell",Girona,2343.58
598,2,0.0,2024-07-03,2024-09-22,Suarez-Pedrosa,Málaga,0.0
599,1,0.0,2024-08-06,2024-08-06,Alcázar Group,Huelva,0.0
600,1,0.0,2024-09-17,2024-09-17,Blanco Inc,Palencia,0.0
601,1,0.0,2025-02-09,2025-02-09,Alba-Navarro,Melilla,0.0
605,2,0.0,2024-07-12,2025-02-04,Gallardo LLC,Soria,0.0
606,3,8506.61,2024-08-23,2025-05-06,Palomar-Barrena,Málaga,2835.536666666667
608,1,1861.64,2024-10-01,2024-10-01,Contreras Group,Girona,1861.64
609,1,0.0,2024-09-09,2024-09-09,Miranda-Benet,La Coruña,0.0
610,1,1609.52,2024-12-16,2024-12-16,Chacón-Barriga,Cuenca,1609.52
611,2,16594.24,2024-11-12,2025-06-09,Vilar and Sons,Álava,8297.12
613,3,6324.22,2024-07-24,2025-05-24,Garmendia Ltd,Palencia,2108.0733333333333
617,3,9607.619999999999,2024-07-18,2024-12-25,"Aranda, Vicente and Zamora",Albacete,3202.5399999999995
619,1,1463.49,2025-06-11,2025-06-11,Alegre-Casares,Teruel,1463.49
620,2,8361.5,2024-06-24,2025-05-11,Boada LLC,Granada,4180.75
621,1,5606.620000000001,2025-01-16,2025-01-16,"Manjón, Sans and Carrasco",Huelva,5606.620000000001
622,2,942.08,2024-09-25,2025-05-03,Ballesteros-Linares,Zaragoza,471.04
625,2,0.0,2024-12-01,2025-02-27,Llano-Bru,Navarra,0.0
626,1,2855.63,2025-04-09,2025-04-09,Iglesia and Sons,Guadalajara,2855.63
627,1,0.0,2025-03-07,2025-03-07,Llano-Carmona,Ourense,0.0
628,2,7170.110000000001,2024-12-27,2025-04-20,Sebastián Inc,Toledo,3585.0550000000003
630,1,0.0,2025-06-07,2025-06-07,Jurado-Real,Girona,0.0
631,3,0.0,2024-09-30,2024-12-09,"Cid, Ferrero and Saura",Zaragoza,0.0
633,1,0.0,2024-06-26,2024-06-26,Lillo-Galván,Cuenca,0.0
634,1,0.0,2024-12-11,2024-12-11,"Manso, Castell and Bueno",Castellón,0.0
635,3,7121.05,2024-11-15,2025-03-04,Reguera-Ureña,Salamanca,2373.6833333333334
636,1,6432.15,2024-08-16,2024-08-16,Marín-Garriga,Pontevedra,6432.15
637,2,6093.360000000001,2025-03-12,2025-03-25,Fajardo Inc,Madrid,3046.6800000000003
638,2,7922.16,2025-02-16,2025-04-01,León-Palomares,Ávila,3961.08
639,2,503.82,2024-06-19,2025-01-23,Espinosa Inc,Valladolid,251.91
640,1,0.0,2024-07-28,2024-07-28,"Acosta, Catalán and Valdés",Cáceres,0.0
641,1,2783.2400000000002,2025-02-28,2025-02-28,Conde PLC,Badajoz,2783.2400000000002
642,1,7346.01,2024-07-15,2024-07-15,Castilla Group,Zamora,7346.01
644,1,4648.32,2025-02-04,2025-02-04,León-Conesa,Cáceres,4648.32
646,1,0.0,2025-02-17,2025-02-17,Sevilla PLC,Lleida,0.0
647,3,15325.849999999999,2024-10-13,2025-04-26,Pérez-Quintero,Ceuta,5108.616666666666
650,1,0.0,2025-04-30,2025-04-30,Guerrero-Isern,Badajoz,0.0
652,1,0.0,2025-06-07,2025-06-07,"Borrego, Esteve and Arroyo",Almería,0.0
655,1,4050.83,2025-04-27,2025-04-27,Peiró-Valverde,León,4050.83
656,3,20312.350000000002,2024-12-07,2025-03-16,"Agustín, Codina and Arranz",Toledo,6770.783333333334
657,1,3292.32,2025-05-25,2025-05-25,"Carrera, Marin and Ramirez",Teruel,3292.32
658,1,0.0,2025-03-12,2025-03-12,"Crespi, Quevedo and Castellanos",Albacete,0.0
659,1,0.0,2024-11-04,2024-11-04,"Perales, Hierro and Bonilla",Ciudad,0.0
660,1,0.0,2024-08-08,2024-08-08,Arregui-Águila,Melilla,0.0
661,1,8090.85,2024-12-09,2024-12-09,"Gonzalo, Sanchez and Peinado",Huesca,8090.85
663,2,6583.8,2024-09-07,2024-12-01,"Santiago, Valle and Palacio",Sevilla,3291.9
664,2,12041.26,2025-04-24,2025-04-30,Padilla-Nuñez,Huelva,6020.63
665,2,10796.35,2025-01-02,2025-06-17,Serrano LLC,Castellón,5398.175
666,1,6716.62,2024-10-02,2024-10-02,"Azcona, Fuente and Vallejo",Palencia,6716.62
668,2,3737.56,2024-08-16,2024-09-08,Melero Inc,Lugo,1868.78
669,3,10739.48,2024-10-03,2025-05-16,Franch LLC,Melilla,3579.8266666666664
670,1,6984.01,2024-08-27,2024-08-27,Bonet-Revilla,Vizcaya,6984.01
671,3,7874.75,2024-10-12,2025-02-11,Suárez-Avilés,Lugo,2624.9166666666665
672,2,5220.719999999999,2024-06-23,2025-02-02,"Goicoechea, Vélez and Español",Soria,2610.3599999999997
675,1,0.0,2024-07-30,2024-07-30,"Roldán, Becerra and Castells",Huelva,0.0
676,1,5061.0,2025-01-06,2025-01-06,"Bolaños, Murillo and Román",Valladolid,5061.0
680,1,4763.55,2024-10-11,2024-10-11,"Godoy, Bermúdez and Alvarado",Ceuta,4763.55
681,2,864.48,2024-06-21,2025-06-08,Girona-Cruz,Vizcaya,432.24
682,1,9554.439999999999,2024-09-25,2024-09-25,"Benito, Pedrosa and Pedrero",Barcelona,9554.439999999999
684,2,5607.710000000001,2024-06-21,2024-07-02,Salom and Sons,Toledo,2803.8550000000005
687,2,3099.36,2024-06-27,2024-08-21,"Navarro, Alberola and Carreño",Madrid,1549.68
690,1,2169.42,2025-03-18,2025-03-18,Correa-Viana,León,2169.42
691,1,0.0,2025-02-22,2025-02-22,Diez Inc,Córdoba,0.0
692,1,10815.27,2024-10-07,2024-10-07,"Carpio, Peña and Larrañaga",Almería,10815.27
693,1,0.0,2024-08-12,2024-08-12,Correa LLC,Toledo,0.0
694,1,2953.48,2024-07-04,2024-07-04,"Cabeza, Egea and Jaume",Vizcaya,2953.48
695,1,4436.83,2025-05-20,2025-05-20,Valderrama-Parra,Valencia,4436.83
697,2,14364.509999999998,2024-07-12,2024-11-08,Ramírez-Collado,Zamora,7182.254999999999
698,2,13788.2,2024-08-10,2025-03-21,"Segarra, Bernad and Morcillo",Vizcaya,6894.1
699,3,6606.39,2024-06-25,2025-05-19,"Blanch, Benavent and Cañas",Ciudad,2202.13
700,1,1537.14,2025-03-30,2025-03-30,"Maza, Avilés and Serrano",Córdoba,1537.14
702,1,0.0,2025-04-13,2025-04-13,Cañizares PLC,La Rioja,0.0
703,1,0.0,2024-10-23,2024-10-23,"Herranz, Gracia and Rodríguez",Lleida,0.0
704,1,0.0,2024-08-28,2024-08-28,"Pons, Oliver and Rivera",Lleida,0.0
706,2,5724.6,2025-01-17,2025-03-19,Garcés-Llobet,Barcelona,2862.3
707,3,13651.300000000001,2024-07-02,2025-05-26,Duarte-Leal,Burgos,4550.433333333333
709,3,9319.16,2024-07-16,2024-12-02,Marín-Recio,Guadalajara,3106.3866666666668
710,2,9908.44,2024-08-24,2024-10-06,"Escamilla, Sáez and Domingo",Navarra,4954.22
712,1,3608.64,2025-03-17,2025-03-17,Nogueira-Rosselló,Cádiz,3608.64
713,1,3042.25,2024-12-10,2024-12-10,"Figueras, Beltran and Nieto",Albacete,3042.25
715,2,22773.12,2025-03-14,2025-06-01,"Yáñez, Zorrilla and Bernat",Badajoz,11386.56
717,4,4091.5,2024-11-15,2025-05-12,"Arévalo, Arregui and Calderón",Girona,1022.875
718,1,0.0,2024-12-09,2024-12-09,"Puente, Verdú and Murillo",Ciudad,0.0
721,2,8244.11,2024-08-10,2025-01-19,"Belmonte, Vilalta and Cobo",Navarra,4122.055
722,1,0.0,2025-02-09,2025-02-09,Muñoz Ltd,Castellón,0.0
723,1,9584.15,2025-05-20,2025-05-20,"Paniagua, Vallejo and Lopez",Tarragona,9584.15
727,1,6281.44,2025-03-22,2025-03-22,Suárez LLC,Cáceres,6281.44
731,3,5656.23,2024-06-21,2025-05-18,"Canales, Navas and Martinez",Santa Cruz de Tenerife,1885.4099999999999
733,2,4936.06,2024-09-18,2025-01-06,Gargallo-Gallardo,Vizcaya,2468.03
734,3,8730.380000000001,2024-07-02,2025-05-29,"Carrasco, Mariño and Lloret",Segovia,2910.126666666667
735,2,8093.97,2024-06-25,2025-01-02,Pino-Silva,Guipúzcoa,4046.985
736,1,0.0,2025-04-11,2025-04-11,"Cañizares, Villa and Iniesta",Zaragoza,0.0
738,1,0.0,2024-11-25,2024-11-25,"Arellano, Ochoa and Carro",Toledo,0.0
739,1,2793.6000000000004,2024-11-26,2024-11-26,Fábregas Inc,Alicante,2793.6000000000004
741,1,10431.420000000002,2024-07-21,2024-07-21,"Castejón, Solé and Atienza",Melilla,10431.420000000002
742,1,16763.17,2025-06-05,2025-06-05,"Garzón, Camacho and Diego",Jaén,16763.17
743,3,11322.970000000001,2024-08-12,2025-05-01,Angulo-Saez,Girona,3774.3233333333337
744,1,0.0,2025-02-21,2025-02-21,Rius Inc,Baleares,0.0
745,1,2326.4,2025-02-19,2025-02-19,"Casanovas, Conesa and Ballester",Cantabria,2326.4
748,1,0.0,2025-01-17,2025-01-17,Diaz-Manrique,Badajoz,0.0
749,1,7632.8,2025-01-17,2025-01-17,Barón-Palmer,Las Palmas,7632.8
751,1,14586.84,2025-02-14,2025-02-14,Vizcaíno Inc,Asturias,14586.84
752,1,2399.4,2024-11-13,2024-11-13,Pulido PLC,Lleida,2399.4
754,1,5335.1,2024-09-30,2024-09-30,Pinto LLC,Málaga,5335.1
755,1,9411.029999999999,2025-05-14,2025-05-14,Camacho LLC,Cáceres,9411.029999999999
756,1,7814.48,2024-11-13,2024-11-13,"Jordá, Román and Villar",Vizcaya,7814.48
757,1,0.0,2024-10-12,2024-10-12,Marcos-Pavón,La Coruña,0.0
759,2,3086.6,2024-07-23,2024-12-20,Ferrer-Martínez,Sevilla,1543.3
763,2,4555.5,2024-10-21,2024-11-21,Infante-Sebastián,Almería,2277.75
764,3,3187.68,2024-08-03,2024-09-29,Oliveras Inc,Cádiz,1062.56
765,1,682.5,2024-12-23,2024-12-23,Estrada LLC,Segovia,682.5
766,1,3510.6,2025-02-18,2025-02-18,"Cabrero, Cañizares and Jáuregui",Zamora,3510.6
770,1,2413.6000000000004,2025-02-18,2025-02-18,"Sastre, Aranda and Busquets",Barcelona,2413.6000000000004
774,2,7955.1,2025-02-10,2025-05-29,Rius-Tejedor,Pontevedra,3977.55
775,1,4084.3,2024-09-29,2024-09-29,Ramírez-Sureda,Albacete,4084.3
777,2,4799.98,2024-07-13,2024-08-02,Ortega-Morales,Melilla,2399.99
778,3,771.68,2024-11-24,2025-04-15,Fiol and Sons,Zaragoza,257.22666666666663
779,3,5712.92,2024-08-19,2024-12-24,Vaquero and Sons,Huesca,1904.3066666666666
780,1,0.0,2024-07-26,2024-07-26,Collado-Palomo,Jaén,0.0
781,1,8166.429999999999,2025-04-01,2025-04-01,Andreu-Morante,Palencia,8166.429999999999
782,1,1179.48,2025-03-16,2025-03-16,Moliner-Corbacho,Huesca,1179.48
784,1,0.0,2025-02-12,2025-02-12,"Villegas, Gual and Sobrino",La Coruña,0.0
785,1,0.0,2025-03-25,2025-03-25,Chaves-Aller,Tarragona,0.0
786,3,9425.09,2024-07-17,2025-03-25,Pla-Amigó,Cáceres,3141.6966666666667
789,1,5222.4,2024-09-11,2024-09-11,Hidalgo-Solera,Cádiz,5222.4
790,1,0.0,2025-02-14,2025-02-14,Puerta Ltd,Guadalajara,0.0
791,1,3988.6,2024-10-14,2024-10-14,"Marín, Llano and Isern",Girona,3988.6
792,3,14914.779999999999,2024-12-10,2025-05-12,Calleja PLC,Álava,4971.593333333333
793,2,9485.439999999999,2025-01-10,2025-05-16,Andrade-Rovira,Guipúzcoa,4742.719999999999
794,2,9290.46,2024-06-24,2025-01-23,"Baena, Giralt and Garriga",Madrid,4645.23
796,1,1396.46,2025-02-25,2025-02-25,"Alberdi, Barreda and Guillen",Huesca,1396.46
797,1,0.0,2025-01-17,2025-01-17,Casal-Redondo,Guipúzcoa,0.0
799,1,11889.53,2025-03-22,2025-03-22,Daza PLC,Cáceres,11889.53
800,1,1670.76,2024-11-01,2024-11-01,"Bernat, Peñas and Cañellas",Almería,1670.76
804,1,0.0,2024-11-28,2024-11-28,Benitez-Piñeiro,Guadalajara,0.0
805,2,15778.9,2024-09-13,2024-12-16,Cañellas-Cuevas,Navarra,7889.45
806,3,6464.05,2024-09-19,2025-04-20,Piñol-Tovar,Almería,2154.6833333333334
807,2,4926.709999999999,2024-12-14,2025-03-21,Mínguez Group,Ourense,2463.3549999999996
808,1,6074.849999999999,2025-03-09,2025-03-09,Bernat Inc,Segovia,6074.849999999999
809,2,2071.13,2024-10-24,2025-05-03,"Galván, Bosch and Almazán",La Rioja,1035.565
810,1,12280.719999999998,2024-11-05,2024-11-05,Viana-Morcillo,Lugo,12280.719999999998
811,1,2369.25,2024-10-16,2024-10-16,"Blanch, Gallo and Ródenas",Navarra,2369.25
815,1,2610.96,2024-10-21,2024-10-21,"Llamas, Ponce and Martin",Zaragoza,2610.96
816,1,5142.5,2025-04-26,2025-04-26,Bolaños-Lasa,Ourense,5142.5
817,1,0.0,2024-09-27,2024-09-27,Fuente LLC,La Coruña,0.0
818,1,1213.65,2025-03-24,2025-03-24,"Gracia, Ballester and Boix",Segovia,1213.65
820,3,5897.639999999999,2025-03-12,2025-06-07,Prado Inc,La Coruña,1965.8799999999999
822,1,3071.2,2024-12-31,2024-12-31,Morcillo-Molins,Soria,3071.2
825,1,7178.18,2025-05-27,2025-05-27,Coll-Caballero,Teruel,7178.18
828,1,0.0,2024-07-30,2024-07-30,"Escolano, Álamo and Farré",Jaén,0.0
831,1,0.0,2024-10-03,2024-10-03,Farré Ltd,La Rioja,0.0
832,3,7813.93,2024-12-15,2025-03-01,Pulido-Valcárcel,Córdoba,2604.6433333333334
834,3,16054.0,2024-09-25,2025-06-03,Mariscal-Mayo,Soria,5351.333333333333
836,2,0.0,2024-12-30,2025-05-19,"Tenorio, Pablo and Múñiz",Granada,0.0
837,2,8852.37,2024-08-17,2025-05-01,Elías LLC,Córdoba,4426.185
838,1,0.0,2025-05-15,2025-05-15,Lago Ltd,Asturias,0.0
839,4,19540.84,2024-07-11,2025-04-19,"García, Bru and Domínguez",Valladolid,4885.21
840,1,0.0,2025-04-16,2025-04-16,"Iglesias, Téllez and Pedrero",Castellón,0.0
842,1,10856.800000000001,2024-11-16,2024-11-16,Catalán-Antón,La Coruña,10856.800000000001
843,3,15220.24,2024-12-10,2025-05-18,"Zabaleta, Larrea and Sureda",Cuenca,5073.413333333333
844,3,9437.980000000001,2024-11-11,2025-02-03,González-Carlos,Toledo,3145.993333333334
846,1,0.0,2025-03-08,2025-03-08,Peñalver PLC,Baleares,0.0
847,2,6521.0,2024-06-24,2025-03-17,Núñez Ltd,Valladolid,3260.5
848,2,3340.5,2024-11-11,2025-02-08,Mas Group,Huelva,1670.25
849,2,6859.050000000001,2024-07-01,2024-11-13,Gomez-Cuéllar,Huelva,3429.5250000000005
850,1,7517.639999999999,2024-08-20,2024-08-20,"Sarmiento, Jover and Álamo",Zamora,7517.639999999999
851,2,2723.9100000000003,2024-08-18,2024-11-13,Clavero-Alcántara,Castellón,1361.9550000000002
853,1,6572.469999999999,2024-10-09,2024-10-09,Bravo Group,Toledo,6572.469999999999
855,2,6351.679999999999,2024-12-30,2025-04-13,Calzada-Raya,Albacete,3175.8399999999997
857,5,12819.02,2024-07-12,2025-03-07,Serna-Rovira,La Rioja,2563.804
859,1,0.0,2024-08-27,2024-08-27,Alcázar and Sons,Granada,0.0
860,1,11814.49,2025-03-09,2025-03-09,Agustí-Valentín,Málaga,11814.49
861,1,0.0,2025-06-01,2025-06-01,Fortuny and Sons,Málaga,0.0
862,2,9705.96,2024-09-23,2025-05-29,Morán-Albero,Murcia,4852.98
863,1,4141.38,2024-08-27,2024-08-27,Caballero LLC,Barcelona,4141.38
864,1,7238.139999999999,2025-05-04,2025-05-04,"Carrera, Cámara and Nicolau",Valladolid,7238.139999999999
865,1,4818.73,2024-07-07,2024-07-07,Aragón Inc,Granada,4818.73
866,2,14269.59,2024-07-25,2025-05-03,Villa PLC,Melilla,7134.795
867,1,10695.92,2025-06-13,2025-06-13,Polo Inc,Albacete,10695.92
868,3,15641.32,2025-02-16,2025-06-02,"Ortega, Cadenas and Morán",Huesca,5213.7733333333335
871,3,23217.64,2024-07-09,2025-03-29,"Planas, Berenguer and Rodriguez",Badajoz,7739.213333333333
872,1,6626.18,2025-04-07,2025-04-07,Ferrero and Sons,Álava,6626.18
873,1,0.0,2024-08-03,2024-08-03,"Arnau, Río and Tomé",La Rioja,0.0
875,1,7339.150000000001,2025-04-03,2025-04-03,Barrios PLC,Cantabria,7339.150000000001
878,1,1166.76,2024-07-04,2024-07-04,"Páez, Blázquez and Alonso",La Rioja,1166.76
879,1,0.0,2025-03-19,2025-03-19,Duran PLC,Granada,0.0
881,1,6500.05,2024-09-30,2024-09-30,"Elorza, Maestre and Aguiló",La Coruña,6500.05
889,1,0.0,2024-07-29,2024-07-29,"Mayo, Tapia and Belda",Almería,0.0
890,1,1138.76,2025-05-22,2025-05-22,Cuervo Inc,Madrid,1138.76
893,1,8487.61,2025-04-01,2025-04-01,Rey-Casals,La Coruña,8487.61
894,1,0.0,2024-09-14,2024-09-14,Carro-Roma,Toledo,0.0
895,2,13933.03,2024-10-16,2024-10-18,"Olivera, Andreu and Arco",Cuenca,6966.515
896,1,1523.52,2024-07-27,2024-07-27,Marquez-Villanueva,Vizcaya,1523.52
897,2,11059.650000000001,2024-08-29,2025-06-09,Solé Group,Palencia,5529.825000000001
898,1,5811.31,2025-03-23,2025-03-23,Tenorio-Garcés,Madrid,5811.31
899,3,1931.66,2024-07-27,2025-04-09,"Gaya, Rodrigo and Uribe",Almería,643.8866666666667
900,1,549.0,2024-09-16,2024-09-16,Carranza LLC,Cuenca,549.0
901,1,7030.63,2024-11-30,2024-11-30,Franch LLC,Girona,7030.63
902,1,8947.380000000001,2024-08-01,2024-08-01,Campo-Sanjuan,Alicante,8947.380000000001
903,1,0.0,2025-05-29,2025-05-29,Hoyos and Sons,Cantabria,0.0
906,1,3417.2000000000003,2025-01-06,2025-01-06,"Carreño, Pardo and Farré",Barcelona,3417.2000000000003
907,1,2889.3799999999997,2025-06-16,2025-06-16,Oliveras-Olivé,León,2889.3799999999997
911,2,2834.91,2025-01-25,2025-04-25,"Pedro, Pulido and Mariño",Álava,1417.455
912,2,0.0,2024-07-31,2025-06-13,Gálvez LLC,Badajoz,0.0
913,1,0.0,2025-01-23,2025-01-23,Murcia Group,Lleida,0.0
915,1,0.0,2025-01-13,2025-01-13,Elías-Marin,Málaga,0.0
916,1,0.0,2024-10-26,2024-10-26,Pujol-Duarte,Vizcaya,0.0
917,1,540.8000000000001,2025-03-24,2025-03-24,Galan-Higueras,Cantabria,540.8000000000001
918,1,3109.92,2024-12-18,2024-12-18,Boada-Ariño,Ciudad,3109.92
919,2,1093.44,2024-06-24,2024-08-27,Tena-Bayón,Málaga,546.72
922,2,17833.91,2025-01-19,2025-06-05,"Porta, Roman and Vilalta",La Rioja,8916.955
924,3,0.0,2024-07-24,2024-08-18,Lobato-Cuéllar,Albacete,0.0
925,3,7849.499999999999,2024-07-02,2025-05-07,Guillen-Cuadrado,Barcelona,2616.4999999999995
926,1,0.0,2025-05-14,2025-05-14,"Vara, Reyes and Fuster",Vizcaya,0.0
927,2,0.0,2024-07-03,2025-03-05,Campoy-Fortuny,Salamanca,0.0
929,1,0.0,2025-05-04,2025-05-04,Bernad and Sons,Lugo,0.0
932,1,12156.63,2025-05-12,2025-05-12,Alcaraz-Lledó,Tarragona,12156.63
933,1,3058.45,2025-05-31,2025-05-31,"Alvarez, Escudero and Córdoba",Melilla,3058.45
934,2,1511.5500000000002,2025-01-03,2025-05-21,Lopez and Sons,Lugo,755.7750000000001
935,2,5463.77,2024-07-01,2024-08-09,Heras and Sons,Guipúzcoa,2731.885
936,1,0.0,2025-02-05,2025-02-05,"Verdugo, Paredes and Sevillano",Lugo,0.0
938,1,6130.65,2024-11-07,2024-11-07,Batlle-Esteve,Córdoba,6130.65
939,2,0.0,2025-01-06,2025-03-18,"Espada, Querol and Donoso",Almería,0.0
940,1,3190.08,2025-03-31,2025-03-31,"Cano, Amat and Moll",Ceuta,3190.08
941,2,1967.64,2024-11-18,2025-05-02,"Palmer, Quintero and Salamanca",Girona,983.82
942,2,1478.25,2024-06-26,2024-09-24,Cornejo Group,Guipúzcoa,739.125
944,1,4711.72,2024-09-20,2024-09-20,Roselló Group,Cáceres,4711.72
946,1,4377.72,2024-08-05,2024-08-05,"Zurita, Baena and Arenas",Vizcaya,4377.72
948,2,5269.58,2024-10-22,2025-03-24,"Tejada, Ferrer and Gisbert",Vizcaya,2634.79
949,1,12286.42,2024-07-06,2024-07-06,Valle LLC,Álava,12286.42
951,1,10886.11,2025-02-22,2025-02-22,"Mesa, Taboada and Mariño",Barcelona,10886.11
952,2,7684.709999999999,2024-08-13,2024-12-25,"Garay, Artigas and Collado",Segovia,3842.3549999999996
953,1,2051.28,2025-03-09,2025-03-09,Hervás Inc,Madrid,2051.28
954,1,0.0,2024-12-03,2024-12-03,"Lluch, Rocamora and Yuste",Jaén,0.0
956,1,0.0,2025-05-03,2025-05-03,"Correa, Santos and Pizarro",Vizcaya,0.0
959,1,3732.9,2025-05-07,2025-05-07,Puig-Castrillo,Almería,3732.9
960,2,11536.76,2024-09-05,2024-12-23,Rebollo-Aramburu,Pontevedra,5768.38
963,2,13000.169999999998,2024-12-28,2025-04-27,Cobo LLC,Sevilla,6500.084999999999
964,1,0.0,2024-10-24,2024-10-24,"Losada, Mora and Barrena",Navarra,0.0
965,2,11839.47,2024-11-29,2025-04-25,Luján-Hoyos,Girona,5919.735
966,1,0.0,2024-09-22,2024-09-22,Menendez-Perelló,Cádiz,0.0
969,1,2514.5,2024-09-03,2024-09-03,Mínguez PLC,Girona,2514.5
972,1,15356.86,2024-09-14,2024-09-14,Carbó-Riquelme,Melilla,15356.86
973,1,0.0,2024-09-06,2024-09-06,"Mosquera, Macias and Piñeiro",Vizcaya,0.0
974,2,10025.0,2025-04-04,2025-05-21,Bauzà Inc,Castellón,5012.5
975,1,0.0,2025-02-03,2025-02-03,Arregui and Sons,Lugo,0.0
976,2,1729.44,2024-07-04,2024-12-24,Guzmán-Monreal,Málaga,864.72
977,2,5527.83,2025-02-11,2025-06-06,"Abascal, Bustamante and Carlos",Girona,2763.915
978,2,3626.0,2024-07-22,2024-12-18,"Pelayo, Santiago and Aranda",Zamora,1813.0
979,3,6923.070000000001,2024-08-29,2025-06-10,Benítez-Alcolea,Madrid,2307.69
980,1,0.0,2025-01-04,2025-01-04,"Chamorro, Escudero and Sainz",Badajoz,0.0
981,2,1232.28,2025-02-12,2025-03-26,Esparza-Montaña,Granada,616.14
983,1,0.0,2025-01-13,2025-01-13,Pedro-Casado,Navarra,0.0
984,3,14514.720000000001,2024-09-09,2025-05-14,Falcó-Fuster,Alicante,4838.240000000001
985,2,11299.880000000001,2024-08-03,2024-08-28,"Carro, Vera and Beltran",Barcelona,5649.9400000000005
988,2,946.79,2024-10-15,2025-05-16,Barón and Sons,La Coruña,473.395
989,1,7185.75,2024-10-10,2024-10-10,Borrell-Ferrando,Cáceres,7185.75
991,2,2044.62,2024-09-23,2025-02-02,Solera and Sons,La Rioja,1022.31
992,1,345.73,2025-01-22,2025-01-22,Miguel LLC,Soria,345.73
993,1,94.95,2024-09-09,2024-09-09,Valencia PLC,Ourense,94.95
994,2,0.0,2024-11-02,2025-01-16,Martorell-Salcedo,Málaga,0.0
995,1,0.0,2025-05-29,2025-05-29,"Atienza, Porcel and Tudela",Ávila,0.0
996,1,5154.75,2025-02-22,2025-02-22,"Barriga, Gómez and Garrido",Las Palmas,5154.75
998,1,3162.25,2025-04-23,2025-04-23,Alba-Mayol,Granada,3162.25
999,1,0.0,2024-08-06,2024-08-06,"Ledesma, Sacristán and Iñiguez",Ávila,0.0
1001,1,4675.71,2025-01-13,2025-01-13,Duarte and Sons,Zamora,4675.71
1004,1,0.0,2024-11-04,2024-11-04,Almagro-Agudo,Lleida,0.0
1005,1,12660.1,2025-04-18,2025-04-18,Castilla Ltd,Baleares,12660.1
1007,1,3200.0,2025-01-23,2025-01-23,Torrent Ltd,La Rioja,3200.0
1009,3,6081.39,2024-09-07,2024-12-01,"Izaguirre, Mur and Coello",Navarra,2027.13
1011,2,893.13,2024-08-02,2025-01-18,Buendía Inc,Vizcaya,446.565
1012,1,3236.46,2025-01-10,2025-01-10,Marqués-Marti,Ávila,3236.46
1013,1,0.0,2025-05-29,2025-05-29,Blanes-Tomás,Cádiz,0.0
1016,1,6735.94,2025-04-07,2025-04-07,Gallego-Peral,Huelva,6735.94
1017,1,0.0,2024-11-13,2024-11-13,Villalba-Orozco,Castellón,0.0
1021,1,2503.5,2024-07-15,2024-07-15,Zamorano-Almansa,Zaragoza,2503.5
1022,1,4808.1,2025-05-05,2025-05-05,Conesa-Morales,Murcia,4808.1
1024,1,3538.91,2025-05-07,2025-05-07,"Jove, Pulido and Ramírez",Baleares,3538.91
1025,3,17239.35,2024-07-16,2025-02-09,"Barrios, Canals and Arteaga",Santa Cruz de Tenerife,5746.45
1026,1,0.0,2025-05-24,2025-05-24,Oliver Ltd,Ávila,0.0
1027,1,7389.34,2024-10-12,2024-10-12,Pereira PLC,Huelva,7389.34
1028,4,28281.08,2024-09-30,2025-04-13,"Gonzalo, Rey and Alcolea",Ceuta,7070.27
1031,2,3125.1,2024-07-11,2025-06-09,"Beltran, Abellán and Izaguirre",Santa Cruz de Tenerife,1562.55
1032,1,11853.05,2024-09-12,2024-09-12,Echeverría Inc,León,11853.05
1034,1,4975.5,2024-08-13,2024-08-13,Santamaría and Sons,Madrid,4975.5
1035,2,2168.4,2024-11-24,2025-01-12,Caro Inc,Asturias,1084.2
1036,1,2512.96,2024-07-05,2024-07-05,"Pi, Gonzalez and Alcolea",Guadalajara,2512.96
1037,1,3967.12,2024-06-20,2024-06-20,Valentín and Sons,Albacete,3967.12
1038,2,1273.54,2024-11-10,2025-01-09,Araujo-Reig,Barcelona,636.77
1039,2,1032.64,2025-03-26,2025-05-03,"Pont, Bertrán and Barón",Málaga,516.32
1040,3,17617.84,2024-08-25,2025-06-13,Alarcón-Granados,Huesca,5872.613333333334
1041,1,13261.73,2025-01-23,2025-01-23,Capdevila Inc,Palencia,13261.73
1044,1,0.0,2025-05-06,2025-05-06,Gutiérrez Ltd,La Rioja,0.0
1046,1,4248.27,2025-01-22,2025-01-22,Serna-Gelabert,Navarra,4248.27
1048,1,1267.18,2025-03-30,2025-03-30,"Fernández, Bastida and Olmo",Lleida,1267.18
1050,1,7925.16,2025-02-02,2025-02-02,Rivera-Sandoval,Ciudad,7925.16
1054,2,0.0,2024-10-20,2025-05-26,Calatayud PLC,Pontevedra,0.0
1055,1,0.0,2025-04-12,2025-04-12,Tejedor PLC,Valladolid,0.0
1056,2,591.84,2025-05-17,2025-05-17,"Figuerola, Egea and Castilla",Melilla,295.92
1058,1,3974.4,2025-01-04,2025-01-04,Valcárcel-Borrell,Murcia,3974.4
1062,2,10543.060000000001,2024-06-19,2025-03-10,Malo LLC,Huelva,5271.530000000001
1063,1,6670.63,2024-12-11,2024-12-11,Gracia-Manzano,Vizcaya,6670.63
1064,1,3963.96,2024-10-29,2024-10-29,Ballester-Duque,Ávila,3963.96
1065,2,0.0,2024-07-04,2024-10-09,"Ayala, Zabaleta and Andrade",Sevilla,0.0
1066,1,0.0,2025-03-11,2025-03-11,Saldaña-Ricart,Zamora,0.0
1067,1,0.0,2025-02-03,2025-02-03,"Paz, Goñi and Alcázar",Madrid,0.0
1069,1,2894.32,2025-05-01,2025-05-01,Porcel-Busquets,Barcelona,2894.32
1072,1,7031.36,2024-06-23,2024-06-23,Esteban-Llorente,Salamanca,7031.36
1073,1,2752.33,2024-12-24,2024-12-24,Reyes PLC,Córdoba,2752.33
1074,1,4640.44,2025-03-27,2025-03-27,Roda-Gallart,Soria,4640.44
1075,2,7152.0599999999995,2024-08-25,2024-09-11,Seguí-Vives,Barcelona,3576.0299999999997
1076,3,16026.69,2024-06-25,2025-03-30,Báez Group,Ávila,5342.2300000000005
1077,1,0.0,2024-10-16,2024-10-16,Monreal-Landa,Ceuta,0.0
1078,1,6576.710000000001,2024-10-21,2024-10-21,"Rodriguez, Cuadrado and Calzada",Málaga,6576.710000000001
1079,2,3439.41,2024-11-18,2025-06-17,Escolano LLC,Lugo,1719.705
1080,1,5083.24,2024-08-19,2024-08-19,"Feijoo, Bernal and Valle",Albacete,5083.24
1081,3,11008.81,2024-11-25,2025-01-28,Valentín LLC,Barcelona,3669.603333333333
1082,1,4612.95,2024-12-14,2024-12-14,Bonet LLC,Valladolid,4612.95
1083,1,787.93,2025-03-10,2025-03-10,Quiroga-Villar,Jaén,787.93
1084,1,0.0,2025-02-27,2025-02-27,Guerrero and Sons,Valencia,0.0
1085,2,9658.06,2024-12-09,2025-03-16,"Donaire, Múgica and Solé",Ourense,4829.03
1087,1,13941.16,2024-07-27,2024-07-27,Fuentes Ltd,La Coruña,13941.16
1089,1,3631.32,2024-08-01,2024-08-01,Alcaraz-Arranz,Ciudad,3631.32
1090,2,280.64,2024-07-28,2025-01-19,Arrieta-Chaves,Girona,140.32
1091,1,129.6,2024-12-27,2024-12-27,"Vaquero, Saez and Neira",Murcia,129.6
1093,1,0.0,2024-09-11,2024-09-11,Exposito-Badía,Ourense,0.0
1094,2,1702.4999999999998,2025-01-01,2025-02-12,"Tormo, Marin and Saavedra",Ourense,851.2499999999999
1095,3,11303.729999999998,2024-07-12,2025-01-23,Abellán Ltd,Cuenca,3767.9099999999994
1096,2,3066.4700000000003,2024-12-03,2025-03-03,"Sala, Guerra and Pol",Salamanca,1533.2350000000001
1097,1,0.0,2024-08-31,2024-08-31,"Barros, Alfonso and Flor",Asturias,0.0
1100,2,5802.12,2025-02-04,2025-06-04,Valenzuela-Oliva,Huelva,2901.06
1101,2,2600.73,2024-10-29,2024-12-18,Español PLC,Valencia,1300.365
1102,1,899.84,2025-03-26,2025-03-26,Roura Inc,Valladolid,899.84
1103,3,6642.45,2024-10-01,2025-05-30,Seco and Sons,Barcelona,2214.15
1104,2,0.0,2024-12-27,2025-01-28,Amorós Inc,Navarra,0.0
1105,1,9350.43,2024-11-02,2024-11-02,Oliver PLC,La Rioja,9350.43
1108,6,24571.35,2024-06-23,2025-05-08,Ocaña-Robles,Ceuta,4095.225
1110,2,1309.2,2024-09-26,2025-03-17,Bauzà Inc,Córdoba,654.6
1111,2,5082.46,2024-07-28,2024-12-09,"Coloma, Suarez and Miguel",Sevilla,2541.23
1113,1,0.0,2024-08-05,2024-08-05,"Padilla, Vargas and Vilalta",Valencia,0.0
1115,2,4001.4,2024-07-21,2025-05-29,"Navarrete, Serrano and Puig",Palencia,2000.7
1116,1,7459.959999999999,2025-04-08,2025-04-08,Nieto-Ferrer,Palencia,7459.959999999999
1117,1,0.0,2024-08-05,2024-08-05,"Domínguez, Luque and Cazorla",Badajoz,0.0
1119,2,712.64,2024-11-04,2024-11-08,Donaire-Chamorro,Pontevedra,356.32
1120,2,4617.45,2024-08-19,2025-03-09,Cañas LLC,Málaga,2308.725
1123,2,4898.429999999999,2024-07-08,2024-11-08,Garcia and Sons,Tarragona,2449.2149999999997
1125,1,5797.27,2025-04-04,2025-04-04,Borrego Group,Teruel,5797.27
1127,1,3314.36,2024-07-18,2024-07-18,"Campillo, Llobet and Noguera",Álava,3314.36
1129,1,0.0,2025-05-30,2025-05-30,"Tur, Aguilar and Tamayo",Ciudad,0.0
1130,2,9799.5,2024-12-04,2025-05-13,"Ramirez, Chacón and Casares",Soria,4899.75
1133,3,3332.6800000000003,2024-09-07,2025-06-12,Carlos-Ojeda,Burgos,1110.8933333333334
1134,1,4237.98,2025-05-19,2025-05-19,Hervia-Benitez,Alicante,4237.98
1135,2,7118.25,2024-09-19,2024-12-13,Céspedes LLC,Ourense,3559.125
1136,3,2324.2400000000002,2024-08-01,2024-10-28,Coello-Cervera,Huelva,774.7466666666668
1137,1,0.0,2024-08-22,2024-08-22,"Jordá, Cabeza and Palacios",Ceuta,0.0
1138,1,5435.76,2024-09-23,2024-09-23,"Valle, Coll and Cabello",Álava,5435.76
1140,1,6190.82,2024-10-14,2024-10-14,Palmer-Soler,Castellón,6190.82
1142,4,0.0,2024-08-12,2025-05-26,"Giménez, Marcos and Pino",Baleares,0.0
1143,1,0.0,2025-03-10,2025-03-10,Alsina-Albero,Sevilla,0.0
1144,2,0.0,2025-04-01,2025-04-08,Galán-Zamorano,Baleares,0.0
1145,3,24089.02,2024-08-21,2024-12-10,"Diéguez, Castells and Cánovas",Asturias,8029.673333333333
1146,1,7201.24,2025-04-02,2025-04-02,Santos PLC,Melilla,7201.24
1147,2,1262.0,2024-08-26,2024-12-12,"Bastida, Cuadrado and Losa",Tarragona,631.0
1148,3,20366.18,2024-08-18,2025-01-13,Bustos-Llorente,Huesca,6788.7266666666665
1149,4,17544.87,2024-06-22,2025-06-08,"Frutos, Cordero and Yáñez",Palencia,4386.2175
1151,1,13896.169999999998,2024-06-29,2024-06-29,Leiva Group,Barcelona,13896.169999999998
1152,1,5609.179999999999,2025-03-14,2025-03-14,López PLC,Granada,5609.179999999999
1153,3,9306.789999999999,2024-08-03,2025-06-15,Gabaldón Ltd,Zamora,3102.263333333333
1155,1,0.0,2024-10-27,2024-10-27,"Miralles, Paz and Garrido",Badajoz,0.0
1156,1,6681.03,2025-01-17,2025-01-17,Gelabert-Ramón,La Rioja,6681.03
1160,1,6038.1,2024-08-12,2024-08-12,"Domínguez, Noguera and Zamora",Zamora,6038.1
1162,4,10958.840000000002,2025-02-14,2025-05-08,Tapia-Fuentes,Álava,2739.7100000000005
1163,4,13226.81,2024-07-05,2024-08-13,Amigó Ltd,Asturias,3306.7025
1166,1,0.0,2025-01-09,2025-01-09,"Tapia, Barrio and Balaguer",Murcia,0.0
1168,1,0.0,2024-07-02,2024-07-02,Pedraza-Valle,Tarragona,0.0
1169,2,2652.05,2024-07-14,2024-11-24,"Porcel, Mayo and Tomás",Navarra,1326.025
1170,2,12375.599999999999,2024-12-17,2024-12-26,"Valenzuela, Arnau and Montesinos",Ávila,6187.799999999999
1171,1,1121.9,2025-02-15,2025-02-15,Pallarès LLC,Ávila,1121.9
1172,1,16683.52,2025-04-13,2025-04-13,"Mínguez, Sánchez and Mínguez",Cantabria,16683.52
1173,4,22876.37,2024-11-12,2025-05-31,"Perez, Parejo and Hernández",Lugo,5719.0925
1174,2,7134.56,2024-09-16,2025-04-03,Camps PLC,Cáceres,3567.28
1178,1,0.0,2024-10-18,2024-10-18,Moreno PLC,Córdoba,0.0
1180,1,7939.44,2024-06-19,2024-06-19,"Granados, Godoy and Sanmiguel",Cáceres,7939.44
1182,1,0.0,2025-05-03,2025-05-03,Viñas Group,Valencia,0.0
1183,1,0.0,2024-08-14,2024-08-14,"Martínez, Barroso and Canales",Toledo,0.0
1184,3,13370.0,2025-02-07,2025-03-09,"Mendoza, Haro and Losada",Alicante,4456.666666666667
1187,1,918.62,2024-09-18,2024-09-18,Vicente and Sons,La Coruña,918.62
1189,1,97.77,2024-09-26,2024-09-26,Armas-Vilaplana,Vizcaya,97.77
1191,1,0.0,2025-01-12,2025-01-12,Castells-Serra,Ciudad,0.0
1192,2,14235.89,2025-01-11,2025-05-12,Cueto-Seco,Burgos,7117.945
1193,2,13828.36,2024-06-26,2025-02-20,Carrillo-Río,Guipúzcoa,6914.18
1196,1,4960.02,2024-09-13,2024-09-13,"Juliá, Cadenas and Osorio",Valencia,4960.02
1197,2,10360.35,2024-06-29,2025-03-01,"Noriega, Valcárcel and Rosselló",Ceuta,5180.175
1200,1,5407.96,2024-08-27,2024-08-27,"Sosa, Martín and Cardona",La Coruña,5407.96
1201,1,1137.36,2024-12-16,2024-12-16,Castilla-Ugarte,Lleida,1137.36
1202,1,1898.38,2025-06-01,2025-06-01,"Tamayo, Arranz and Galan",Ciudad,1898.38
1203,2,4436.08,2025-01-12,2025-05-03,"Chamorro, Arranz and Alegria",Cuenca,2218.04
1204,1,795.74,2024-12-01,2024-12-01,Verdugo-Dueñas,Las Palmas,795.74
1206,1,0.0,2025-03-11,2025-03-11,Nogueira-Tormo,León,0.0
1208,3,11985.060000000001,2024-12-26,2025-04-15,"Nogueira, Salgado and Barbero",Málaga,3995.0200000000004
1209,1,6871.59,2024-07-19,2024-07-19,Marin-Menéndez,Girona,6871.59
1211,3,631.52,2024-09-03,2025-01-30,"Heras, Robledo and Marí",Valladolid,210.50666666666666
1212,2,3538.61,2024-10-26,2024-12-09,Pombo Ltd,Cantabria,1769.305
1213,2,0.0,2024-06-19,2025-04-13,Batalla-Yuste,La Coruña,0.0
1215,2,4333.55,2024-08-28,2024-12-12,Pavón and Sons,Santa Cruz de Tenerife,2166.775
1216,3,9534.36,2024-08-15,2025-06-08,"Campoy, Palau and Marí",Girona,3178.1200000000003
1217,1,0.0,2025-02-13,2025-02-13,Escribano Group,Vizcaya,0.0
1218,2,16610.78,2024-07-08,2024-10-14,Garrido-Bonet,Soria,8305.39
1219,2,8447.67,2024-09-07,2025-01-03,"Torre, Perera and Jerez",Albacete,4223.835
1220,1,0.0,2025-01-04,2025-01-04,Fajardo-Coello,Vizcaya,0.0
1221,1,9698.6,2024-09-05,2024-09-05,"Sola, Fuente and Tomé",Asturias,9698.6
1223,3,3795.6800000000003,2024-06-21,2025-04-22,Higueras Group,Palencia,1265.2266666666667
1229,1,0.0,2024-09-04,2024-09-04,"Aguilera, Olmedo and Nebot",Ciudad,0.0
1230,1,7214.1900000000005,2024-10-29,2024-10-29,Seguí and Sons,Soria,7214.1900000000005
1231,3,7125.290000000001,2024-08-15,2024-12-13,Sobrino-Manuel,Barcelona,2375.096666666667
1232,1,393.8,2024-09-27,2024-09-27,"Santana, Leiva and Perera",Valencia,393.8
1234,1,5881.679999999999,2025-03-06,2025-03-06,Menéndez and Sons,Albacete,5881.679999999999
1235,2,10734.27,2024-07-18,2024-12-08,"Villar, Galván and Zaragoza",Jaén,5367.135
1239,1,8887.01,2025-06-17,2025-06-17,"Sandoval, Colom and Canals",Zamora,8887.01
1240,1,2757.9,2025-02-02,2025-02-02,Gordillo Group,Santa Cruz de Tenerife,2757.9
1241,1,0.0,2025-05-03,2025-05-03,Agustín Group,Albacete,0.0
1242,1,3780.15,2024-10-14,2024-10-14,Pareja Inc,Cuenca,3780.15
1243,2,11272.38,2024-11-10,2025-02-26,"Jaén, Berenguer and Raya",Melilla,5636.19
1245,1,7495.82,2025-02-01,2025-02-01,Villa Inc,Guadalajara,7495.82
1247,1,1219.01,2024-06-30,2024-06-30,"Neira, Pedrero and Camacho",Ourense,1219.01
1248,1,0.0,2024-07-22,2024-07-22,Carballo-Morán,Las Palmas,0.0
1249,1,10222.44,2024-11-25,2024-11-25,"Peiró, Rivero and Andrés",Pontevedra,10222.44
1250,2,2759.03,2024-12-05,2025-03-22,"Ayala, Zabaleta and Tejero",Murcia,1379.515
1251,1,0.0,2024-08-18,2024-08-18,Bustos Group,Vizcaya,0.0
1252,1,0.0,2024-08-16,2024-08-16,"Cabeza, Pagès and Nadal",Salamanca,0.0
1253,2,2872.24,2025-01-04,2025-05-21,Colom-Español,Toledo,1436.12
1254,2,0.0,2024-07-12,2024-07-17,Carvajal-Serra,Baleares,0.0
1255,2,13377.529999999999,2024-08-29,2024-10-20,Lasa-Quiroga,Ceuta,6688.764999999999
1256,1,8403.300000000001,2025-01-26,2025-01-26,Palacios LLC,Castellón,8403.300000000001
1258,1,0.0,2024-10-19,2024-10-19,Rico PLC,Huesca,0.0
1260,1,9417.04,2024-12-25,2024-12-25,Taboada Group,Navarra,9417.04
1262,1,3852.12,2025-03-16,2025-03-16,"Navas, Zaragoza and Escudero",León,3852.12
1263,2,0.0,2024-09-14,2025-01-15,Corominas-Rojas,Valencia,0.0
1266,1,4467.4,2025-03-09,2025-03-09,"Ruano, Andrade and Narváez",Zamora,4467.4
1268,1,0.0,2024-06-21,2024-06-21,Grau Group,Lugo,0.0
1271,2,1566.04,2024-07-05,2025-04-09,Contreras-Vicens,Valencia,783.02
1273,1,7473.71,2025-01-02,2025-01-02,Salcedo-Múñiz,Santa Cruz de Tenerife,7473.71
1275,1,1968.2,2025-02-04,2025-02-04,Reyes LLC,Córdoba,1968.2
1276,3,11316.36,2024-07-28,2025-01-20,Ledesma-Calzada,Ávila,3772.1200000000003
1279,2,672.75,2025-02-27,2025-03-26,Hernandez-Aguiló,Zaragoza,336.375
1280,2,26023.88,2025-02-02,2025-06-17,Carreño-Castro,Vizcaya,13011.94
1281,1,13120.82,2024-10-24,2024-10-24,Palacios-Alba,Salamanca,13120.82
1282,3,0.0,2024-07-22,2025-02-15,Torrent LLC,Cáceres,0.0
1283,1,0.0,2025-04-11,2025-04-11,Guerrero-Luque,Tarragona,0.0
1286,1,2579.33,2024-10-24,2024-10-24,Mesa Ltd,Zaragoza,2579.33
1287,3,6502.49,2025-01-01,2025-03-14,Aparicio PLC,Valencia,2167.4966666666664
1289,1,0.0,2025-03-21,2025-03-21,"Miguel, Morillo and Calatayud",Zamora,0.0
1290,1,4053.52,2025-05-21,2025-05-21,Ferreras Group,Ceuta,4053.52
1295,1,2657.85,2024-06-24,2024-06-24,Villaverde LLC,Zamora,2657.85
1296,1,0.0,2025-04-23,2025-04-23,Feijoo PLC,Zaragoza,0.0
1297,2,1909.32,2024-10-14,2025-01-29,"Cid, Cerro and Prado",Ceuta,954.66
1298,2,7376.719999999999,2024-08-30,2024-12-03,"Vall, Tapia and Valdés",Toledo,3688.3599999999997
1299,2,94.92,2024-10-16,2025-05-22,Garay LLC,Albacete,47.46
1302,1,2556.29,2024-07-08,2024-07-08,Ariza-Pol,Navarra,2556.29
1303,1,0.0,2024-09-12,2024-09-12,Silva-Arce,Huelva,0.0
1305,1,3249.38,2025-03-07,2025-03-07,Giménez LLC,Soria,3249.38
1306,1,4773.67,2025-03-04,2025-03-04,Querol-Iñiguez,Cádiz,4773.67
1307,1,0.0,2025-02-21,2025-02-21,"Lumbreras, Feijoo and Cabañas",Ceuta,0.0
1308,3,5312.17,2024-08-08,2025-06-01,"Andreu, Huguet and Azcona",Girona,1770.7233333333334
1309,2,3636.9300000000003,2024-08-24,2024-10-28,Sierra-Benavente,Guadalajara,1818.4650000000001
1310,1,0.0,2025-06-10,2025-06-10,Solano-Nogueira,Córdoba,0.0
1311,3,12557.15,2024-06-30,2025-02-12,Cerezo Ltd,Barcelona,4185.716666666666
1314,1,10708.6,2024-12-08,2024-12-08,"Sastre, Aguilar and Solsona",Santa Cruz de Tenerife,10708.6
1315,1,3765.1400000000003,2024-11-28,2024-11-28,Pizarro-Vazquez,Navarra,3765.1400000000003
1316,2,593.9,2024-07-13,2024-11-22,Bermejo LLC,Toledo,296.95
1320,1,7172.84,2025-04-04,2025-04-04,Canet PLC,Baleares,7172.84
1321,3,1363.56,2024-10-07,2025-05-14,"Pujol, Cueto and Camino",Badajoz,454.52
1323,1,12025.21,2024-07-19,2024-07-19,"Iriarte, Páez and Cerdán",Jaén,12025.21
1324,1,7411.550000000001,2024-08-03,2024-08-03,Jaume-Lluch,Asturias,7411.550000000001
1325,1,0.0,2025-04-14,2025-04-14,Chico and Sons,Tarragona,0.0
1326,3,9645.15,2024-09-04,2025-03-09,Madrid LLC,Badajoz,3215.0499999999997
1327,1,0.0,2024-08-23,2024-08-23,Luna-Amorós,Ourense,0.0
1329,2,2173.5,2024-12-05,2025-05-07,Sanmartín-Clavero,Albacete,1086.75
1331,2,9304.0,2025-01-17,2025-04-04,"Echevarría, Quirós and Daza",Girona,4652.0
1332,1,1548.36,2024-07-15,2024-07-15,"Torrents, Gabaldón and Lloret",La Coruña,1548.36
1333,1,2500.8,2024-11-13,2024-11-13,Casanovas Group,Ávila,2500.8
1334,3,12678.960000000001,2025-02-12,2025-06-08,Boix-Gallo,Soria,4226.320000000001
1335,1,1227.2,2025-05-07,2025-05-07,"Agustí, Guillén and Vallés",Murcia,1227.2
1336,1,0.0,2025-05-16,2025-05-16,"Anglada, Alcalá and Zorrilla",Navarra,0.0
1337,3,4395.69,2024-10-26,2025-01-02,"Acosta, Parejo and Morell",Ourense,1465.2299999999998
1338,2,1385.9499999999998,2025-05-03,2025-05-16,Franco-Briones,Cáceres,692.9749999999999
1339,3,18690.59,2024-09-02,2025-03-13,"Comas, Miró and Soto",Málaga,6230.196666666667
1340,1,5341.780000000001,2025-06-11,2025-06-11,Castells Group,Soria,5341.780000000001
1341,4,15304.78,2024-07-11,2025-01-16,Molina-Ramos,Huelva,3826.195
1342,1,4338.27,2025-04-09,2025-04-09,Palacios Ltd,Sevilla,4338.27
1343,2,7695.060000000001,2024-08-15,2025-03-11,Pablo Ltd,Zaragoza,3847.5300000000007
1345,2,5013.15,2024-09-14,2024-12-14,Uribe PLC,Córdoba,2506.575
1346,3,8158.55,2024-06-21,2024-08-09,Ramis Ltd,Ourense,2719.516666666667
1347,1,12563.02,2024-07-18,2024-07-18,Alberola-Jáuregui,Cantabria,12563.02
1348,2,16214.84,2024-08-09,2024-08-24,"Ripoll, Melero and Sedano",Segovia,8107.42
1349,1,0.0,2024-07-11,2024-07-11,Alemán Inc,Baleares,0.0
1350,2,3485.6,2024-07-11,2024-09-10,Rosa Inc,Barcelona,1742.8
1352,2,0.0,2024-09-11,2024-09-19,Salamanca-Sarmiento,Ourense,0.0
1353,1,0.0,2024-11-10,2024-11-10,Palomares-Rocamora,Cádiz,0.0
1354,1,0.0,2025-05-02,2025-05-02,Rocha PLC,Castellón,0.0
1355,2,11764.59,2025-05-05,2025-05-12,Sotelo-Benet,Vizcaya,5882.295
1356,2,2835.36,2024-10-17,2025-05-25,Arteaga-Ayala,Navarra,1417.68
1357,3,15666.05,2024-06-17,2024-11-20,Ureña Group,León,5222.016666666666
1359,1,11970.26,2024-09-23,2024-09-23,Pina-Pareja,Tarragona,11970.26
1360,1,0.0,2025-01-08,2025-01-08,Pera-Miranda,Cáceres,0.0
1363,2,603.72,2024-10-28,2024-10-31,"Carbó, Planas and Padilla",Albacete,301.86
1364,2,4973.43,2024-07-03,2024-10-18,Alberto-Benet,León,2486.715
1365,1,0.0,2024-08-08,2024-08-08,"Cantero, Daza and Salas",Huesca,0.0
1367,1,0.0,2025-04-02,2025-04-02,Peralta-Comas,Ourense,0.0
1368,2,5796.66,2024-07-18,2024-11-29,Gabaldón Ltd,Segovia,2898.33
1370,1,0.0,2024-06-21,2024-06-21,Raya-Amigó,Melilla,0.0
1371,1,27171.68,2025-01-13,2025-01-13,Sainz-Mateu,Ceuta,27171.68
1373,2,12902.560000000001,2024-08-14,2024-09-24,"Navarrete, Lago and Castell",Cádiz,6451.280000000001
1374,1,2763.9100000000003,2025-02-19,2025-02-19,Barceló Ltd,Madrid,2763.9100000000003
1375,1,6541.88,2025-01-24,2025-01-24,Mosquera-Catalá,Las Palmas,6541.88
1377,1,2855.25,2024-11-06,2024-11-06,"Galiano, Taboada and Camacho",Baleares,2855.25
1378,3,4262.86,2024-08-11,2024-09-10,Reig-Benavides,Cuenca,1420.9533333333331
1379,1,13716.5,2025-01-21,2025-01-21,"Fabregat, Exposito and Noriega",Navarra,13716.5
1380,1,4380.7,2024-11-11,2024-11-11,"Galván, Maza and Cobo",Córdoba,4380.7
1383,2,0.0,2025-03-02,2025-04-05,Cordero-Atienza,Navarra,0.0
1384,1,4010.75,2025-02-13,2025-02-13,"Saavedra, Sanabria and Medina",Cáceres,4010.75
1385,1,2151.68,2025-02-25,2025-02-25,Aguirre PLC,Sevilla,2151.68
1386,2,16462.71,2025-03-04,2025-06-16,Goicoechea Inc,Zamora,8231.355
1387,1,9095.439999999999,2025-02-01,2025-02-01,Abellán-Sobrino,Lleida,9095.439999999999
1388,2,307.75,2024-09-01,2024-10-07,"Carreño, Figueroa and Lago",Vizcaya,153.875
1389,1,703.78,2024-10-10,2024-10-10,"Planas, Galindo and Riera",Ávila,703.78
1393,1,3165.8199999999997,2024-11-21,2024-11-21,"Castells, Rivas and Espada",Almería,3165.8199999999997
1394,1,0.0,2024-08-08,2024-08-08,Fabregat Group,Teruel,0.0
1396,2,12345.080000000002,2025-01-29,2025-03-14,Grau Group,Granada,6172.540000000001
1398,2,9526.17,2024-10-20,2025-03-31,"Julián, Galán and Quero",Córdoba,4763.085
1399,1,10087.92,2024-06-28,2024-06-28,Bartolomé Inc,Las Palmas,10087.92
1400,1,15890.73,2024-11-10,2024-11-10,Miranda Group,Melilla,15890.73
1402,1,2355.12,2025-04-15,2025-04-15,Hervia-Martín,Sevilla,2355.12
1403,1,0.0,2025-03-15,2025-03-15,Sanabria Group,Huesca,0.0
1407,1,1817.02,2025-01-27,2025-01-27,Azorin-Diego,La Rioja,1817.02
1409,1,14576.02,2025-05-19,2025-05-19,Cuevas LLC,Zaragoza,14576.02
1410,2,794.79,2024-07-31,2024-11-16,Criado-Batalla,Navarra,397.395
1411,1,3031.0,2025-02-03,2025-02-03,Valera-Rivas,Las Palmas,3031.0
1415,1,0.0,2024-08-11,2024-08-11,Tapia PLC,Navarra,0.0
1418,2,8411.220000000001,2025-02-17,2025-03-22,Jover-Robledo,Sevilla,4205.610000000001
1420,1,5208.75,2024-06-24,2024-06-24,Ripoll Ltd,La Rioja,5208.75
1423,2,4550.07,2024-07-13,2024-12-29,Font-Cabeza,Sevilla,2275.035
1425,1,12964.67,2024-10-07,2024-10-07,"Rozas, Machado and Araujo",Baleares,12964.67
1426,3,15194.16,2024-11-04,2025-04-28,Tejero Ltd,Palencia,5064.72
1427,1,0.0,2024-10-17,2024-10-17,Pla-Peiró,Huesca,0.0
1428,1,5993.72,2024-12-14,2024-12-14,Aragón and Sons,Valencia,5993.72
1430,1,1812.0,2024-08-28,2024-08-28,Tejero-Rivera,Burgos,1812.0
1432,1,5841.679999999999,2024-09-05,2024-09-05,Cobos-Larrañaga,Almería,5841.679999999999
1433,1,0.0,2024-08-28,2024-08-28,"Sastre, Pinilla and Talavera",Almería,0.0
1434,1,3439.2000000000003,2024-12-22,2024-12-22,Gelabert-Ibañez,Teruel,3439.2000000000003
1435,1,4817.64,2025-04-29,2025-04-29,Parejo LLC,Tarragona,4817.64
1436,3,9149.84,2024-10-06,2025-03-31,Pardo-Rivera,Albacete,3049.9466666666667
1438,2,13075.22,2024-06-29,2024-08-16,Marqués and Sons,La Rioja,6537.61
1439,1,7911.3,2025-04-05,2025-04-05,Jove-Salinas,Lleida,7911.3
1441,1,7907.51,2024-09-28,2024-09-28,Cases-Araujo,Vizcaya,7907.51
1442,2,0.0,2024-07-12,2025-01-13,"Díaz, Manrique and Cervantes",Cádiz,0.0
1444,1,3469.74,2025-03-29,2025-03-29,Barrena Group,Toledo,3469.74
1445,1,3453.54,2024-09-25,2024-09-25,"Jáuregui, Cueto and Lago",Tarragona,3453.54
1446,1,0.0,2024-08-23,2024-08-23,Ricart Ltd,Córdoba,0.0
1447,1,0.0,2024-08-10,2024-08-10,Corominas PLC,Teruel,0.0
1449,1,5259.23,2024-06-24,2024-06-24,"Miguel, Laguna and Vilanova",Lugo,5259.23
1450,1,5037.02,2025-04-01,2025-04-01,Fernández PLC,Valladolid,5037.02
1451,1,3663.58,2025-05-15,2025-05-15,Blázquez LLC,Soria,3663.58
1452,1,0.0,2024-12-09,2024-12-09,Benito-Múñiz,Segovia,0.0
1453,2,3128.04,2024-09-21,2024-12-17,Lopez-Bayona,Soria,1564.02
1454,1,4339.28,2024-07-17,2024-07-17,Ruiz LLC,Asturias,4339.28
1455,1,0.0,2025-02-20,2025-02-20,Mir-Valderrama,Las Palmas,0.0
1456,2,0.0,2025-01-01,2025-04-10,Pacheco-Casanova,Segovia,0.0
1460,2,5291.58,2024-11-22,2024-12-02,Lloret-Roma,Valencia,2645.79
1462,2,0.0,2024-06-22,2024-12-24,Español LLC,Baleares,0.0
1463,1,3608.4,2024-08-07,2024-08-07,Vilaplana-Villar,Granada,3608.4
1464,1,0.0,2024-07-24,2024-07-24,"Marín, Caro and Barroso",Barcelona,0.0
1465,1,2221.01,2025-05-10,2025-05-10,Ros and Sons,Ourense,2221.01
1467,2,9934.289999999999,2024-07-17,2025-04-02,Osuna Inc,Cádiz,4967.1449999999995
1469,3,29884.16,2024-10-06,2025-05-20,"Prats, Pareja and Cabeza",Lugo,9961.386666666667
1470,1,3900.34,2024-06-28,2024-06-28,Cases-Leiva,Vizcaya,3900.34
1472,1,3976.56,2025-02-22,2025-02-22,Pi PLC,Ciudad,3976.56
1473,2,5841.52,2024-12-16,2025-03-04,Dávila-Olivé,Guipúzcoa,2920.76
1476,2,9062.5,2024-12-02,2025-01-17,Segura-Ferrándiz,León,4531.25
1477,2,11870.029999999999,2024-11-23,2025-02-11,"Manjón, Crespi and Girona",Ceuta,5935.014999999999
1478,1,1598.17,2025-03-13,2025-03-13,"Sales, Palomar and Casas",Castellón,1598.17
1480,1,1783.7199999999998,2024-11-06,2024-11-06,"Segarra, Pareja and Madrid",Burgos,1783.7199999999998
1481,2,2975.52,2024-10-11,2025-01-05,Quintero-Gelabert,Cáceres,1487.76
1482,1,80.04,2024-08-03,2024-08-03,Valcárcel LLC,Girona,80.04
1484,1,3071.04,2025-04-15,2025-04-15,"Benavente, Calderon and Pol",Toledo,3071.04
1485,2,4916.45,2024-08-28,2025-03-15,Vélez PLC,Badajoz,2458.225
1486,1,13206.460000000001,2024-07-09,2024-07-09,"Priego, Simó and Gonzalez",Salamanca,13206.460000000001
1487,1,1676.73,2024-12-22,2024-12-22,"Valenciano, Carpio and Marcos",Baleares,1676.73
1489,3,4721.75,2024-12-31,2025-05-28,"Gomez, Aragonés and Gimenez",Valladolid,1573.9166666666667
1490,1,6490.789999999999,2024-09-30,2024-09-30,"Aguado, Quesada and Guijarro",Alicante,6490.789999999999
1492,2,0.0,2024-07-14,2024-07-30,Sanchez-Jordán,Valladolid,0.0
1494,1,3310.5000000000005,2025-03-04,2025-03-04,Villa Inc,Granada,3310.5000000000005
1497,2,13657.92,2024-10-09,2024-12-06,Alcaraz PLC,Alicante,6828.96
1499,1,467.39,2024-08-21,2024-08-21,Vilanova-Serrano,Badajoz,467.39
1500,3,10226.41,2024-10-08,2025-02-09,Canet-Garzón,Huesca,3408.8033333333333
