id_producto,nombre_producto,cantidad_total,ingresos_totales,num_ordenes,ticket_promedio
1,Pantalón S,31,1325.56,1,1325.56
3,Chaqueta S,38,1168.88,1,1168.88
5,Chaqueta L,98,4610.9,1,4610.9
6,Chaqueta L,86,3737.56,1,3737.56
7,Camisa M,99,6178.589999999999,1,6178.589999999999
8,Camisa S,182,12540.95,3,4180.316666666667
9,Pantalón S,13,601.38,1,601.38
10,Chaqueta XL,58,3446.94,1,3446.94
13,Overol M,44,4109.6,1,4109.6
16,Camisa M,65,3944.15,2,1972.075
19,Camisa XL,26,1621.88,1,1621.88
20,Chaqueta L,20,1760.78,2,880.39
23,Camisa XL,12,726.0,1,726.0
26,Chaqueta L,14,1284.78,1,1284.78
29,Overol M,85,5774.9,1,5774.9
30,Chaqueta M,92,5045.76,2,2522.88
31,Pantalón XL,159,6448.23,3,2149.41
32,Chaqueta L,115,7913.02,2,3956.51
33,Chaqueta S,55,4253.7,1,4253.7
34,Camisa S,85,4232.33,2,2116.165
35,Overol XL,101,6254.509999999999,2,3127.2549999999997
38,Overol L,11,818.4000000000001,1,818.4000000000001
39,Camisa M,64,3119.36,1,3119.36
40,Chaqueta S,23,2098.75,1,2098.75
42,Chaqueta L,92,6509.92,1,6509.92
44,Pantalón XL,26,1595.1,1,1595.1
48,Overol S,75,7185.75,1,7185.75
49,Overol XL,170,9274.52,2,4637.26
50,Pantalón XL,156,7384.5599999999995,2,3692.2799999999997
52,Camisa L,84,8294.16,1,8294.16
53,Pantalón XL,13,906.36,1,906.36
54,Camisa L,9,743.84,2,371.92
55,Chaqueta S,220,18437.2,4,4609.3
57,Pantalón M,17,1474.75,1,1474.75
58,Pantalón S,31,1216.13,1,1216.13
62,Overol M,67,3396.23,1,3396.23
63,Pantalón M,77,6839.91,1,6839.91
64,Camisa XL,75,2568.0,1,2568.0
66,Overol S,5,253.35,1,253.35
68,Chaqueta L,49,4054.26,1,4054.26
69,Camisa M,9,763.3799999999999,1,763.3799999999999
71,Camisa XL,184,15003.859999999999,3,5001.286666666666
72,Overol S,93,7961.76,2,3980.88
73,Camisa XL,98,5339.5,2,2669.75
74,Pantalón M,264,16238.560000000001,3,5412.8533333333335
78,Overol S,226,8385.58,4,2096.395
79,Pantalón XL,27,912.87,1,912.87
80,Overol S,30,2399.4,1,2399.4
81,Camisa M,5,261.95,1,261.95
82,Overol XL,30,1930.2,1,1930.2
83,Chaqueta M,95,7365.35,1,7365.35
85,Pantalón S,10,909.2,1,909.2
86,Overol L,110,8551.46,2,4275.73
88,Pantalón XL,48,2059.2,1,2059.2
90,Overol XL,25,1702.4999999999998,1,1702.4999999999998
91,Pantalón XL,109,7639.37,3,2546.4566666666665
92,Camisa M,146,8944.73,2,4472.365
94,Camisa L,27,1252.98,2,626.49
97,Chaqueta S,73,3966.09,1,3966.09
99,Chaqueta L,155,9739.869999999999,2,4869.9349999999995
100,Overol L,78,6332.040000000001,1,6332.040000000001
101,Camisa XL,114,8111.13,2,4055.565
102,Overol XL,95,9155.15,1,9155.15
103,Overol M,94,7632.8,1,7632.8
105,Overol S,22,2163.04,1,2163.04
106,Camisa XL,41,3758.88,1,3758.88
110,Overol M,8,262.32,1,262.32
111,Camisa XL,51,4229.94,1,4229.94
112,Camisa XL,7,399.0,1,399.0
113,Chaqueta M,78,7168.5599999999995,3,2389.52
115,Camisa M,57,2887.15,2,1443.575
118,Pantalón XL,81,4206.33,1,4206.33
122,Overol L,1,78.59,1,78.59
123,Pantalón L,4,280.0,1,280.0
124,Pantalón XL,84,4201.889999999999,2,2100.9449999999997
125,Overol XL,85,5142.5,1,5142.5
126,Pantalón XL,17,1674.16,1,1674.16
127,Overol XL,94,3091.66,1,3091.66
128,Camisa XL,129,10481.96,2,5240.98
129,Camisa XL,190,11828.57,3,3942.8566666666666
130,Camisa S,103,8705.65,3,2901.883333333333
131,Pantalón L,61,3538.61,1,3538.61
132,Pantalón M,41,2151.68,1,2151.68
133,Pantalón M,19,899.84,1,899.84
134,Chaqueta L,27,1213.65,1,1213.65
135,Overol XL,63,4403.07,1,4403.07
136,Camisa M,107,9386.17,2,4693.085
137,Overol XL,195,12194.21,3,4064.736666666666
138,Pantalón XL,125,5885.71,2,2942.855
139,Camisa XL,54,2743.2,1,2743.2
140,Chaqueta S,161,10158.68,4,2539.67
142,Overol M,110,10360.0,3,3453.3333333333335
145,Overol M,32,2954.56,1,2954.56
146,Chaqueta XL,97,6184.52,2,3092.26
147,Pantalón XL,28,2302.16,1,2302.16
148,Pantalón M,91,7221.470000000001,2,3610.7350000000006
150,Camisa XL,69,3217.4700000000003,1,3217.4700000000003
151,Camisa S,88,6502.32,1,6502.32
155,Pantalón L,48,3689.24,2,1844.62
157,Overol L,71,3302.21,1,3302.21
158,Overol M,71,5775.14,1,5775.14
159,Pantalón S,72,5854.860000000001,3,1951.6200000000001
161,Overol M,45,3412.8,1,3412.8
162,Pantalón S,183,10409.3,2,5204.65
165,Overol L,178,11446.449999999999,3,3815.483333333333
166,Overol XL,37,3279.42,2,1639.71
167,Pantalón M,168,14559.78,2,7279.89
169,Pantalón S,118,6374.179999999999,2,3187.0899999999997
170,Camisa S,45,3473.58,2,1736.79
171,Pantalón L,65,5299.1,2,2649.55
172,Camisa L,97,7325.77,3,2441.9233333333336
173,Camisa XL,87,7675.14,1,7675.14
174,Pantalón XL,63,2799.72,1,2799.72
175,Pantalón M,152,7814.5599999999995,2,3907.2799999999997
177,Overol L,152,6730.8099999999995,2,3365.4049999999997
179,Chaqueta L,5,416.9,1,416.9
181,Camisa L,283,12404.7,5,2480.94
182,Pantalón S,35,1195.3899999999999,2,597.6949999999999
185,Camisa S,66,4146.78,1,4146.78
187,Pantalón XL,196,12785.48,3,4261.826666666667
189,Camisa S,6,407.22,1,407.22
190,Camisa L,79,7783.08,1,7783.08
191,Overol M,66,4627.92,1,4627.92
194,Chaqueta S,142,7451.18,2,3725.59
196,Overol M,59,2593.05,1,2593.05
197,Pantalón L,3,292.95000000000005,1,292.95000000000005
199,Camisa M,70,5724.6,1,5724.6
200,Chaqueta XL,67,6541.88,1,6541.88
201,Chaqueta M,92,4864.3,2,2432.15
202,Pantalón M,167,13174.04,2,6587.02
203,Pantalón S,82,4789.280000000001,2,2394.6400000000003
204,Pantalón XL,17,712.64,1,712.64
209,Overol S,162,10931.630000000001,3,3643.876666666667
210,Camisa L,21,1248.59,2,624.295
211,Camisa M,93,5820.87,1,5820.87
212,Overol L,64,2409.6,1,2409.6
214,Chaqueta S,82,7416.900000000001,1,7416.900000000001
217,Camisa M,78,5720.52,1,5720.52
220,Camisa M,28,840.56,1,840.56
221,Camisa XL,82,5841.679999999999,1,5841.679999999999
222,Pantalón M,42,1736.2800000000002,1,1736.2800000000002
224,Overol L,77,3848.13,2,1924.065
226,Camisa L,138,7138.06,4,1784.515
227,Pantalón M,53,3469.6800000000003,3,1156.5600000000002
229,Pantalón XL,121,6286.119999999999,2,3143.0599999999995
230,Pantalón S,60,2064.0,1,2064.0
232,Camisa L,2,159.82,1,159.82
233,Pantalón XL,124,11662.18,2,5831.09
234,Chaqueta M,92,4594.4800000000005,2,2297.2400000000002
236,Chaqueta XL,94,9319.16,1,9319.16
241,Camisa L,19,801.23,1,801.23
242,Chaqueta L,24,2231.04,1,2231.04
243,Chaqueta M,12,450.96,1,450.96
244,Chaqueta M,159,10827.18,2,5413.59
252,Camisa M,160,11506.93,3,3835.6433333333334
253,Overol M,124,7138.400000000001,3,2379.4666666666667
254,Chaqueta XL,127,8305.84,3,2768.6133333333332
255,Camisa M,1,99.08,1,99.08
256,Overol XL,133,6208.91,2,3104.455
258,Camisa S,97,5312.6900000000005,1,5312.6900000000005
259,Overol L,62,3216.56,1,3216.56
261,Pantalón M,96,3467.5199999999995,1,3467.5199999999995
263,Pantalón L,133,9527.17,2,4763.585
264,Overol S,75,5208.75,1,5208.75
265,Pantalón M,103,4292.16,3,1430.72
266,Pantalón M,44,1979.12,2,989.56
269,Overol L,183,14244.57,2,7122.285
271,Camisa S,87,7103.55,1,7103.55
272,Overol L,39,1238.64,1,1238.64
273,Overol S,97,6860.66,2,3430.33
275,Overol S,33,1138.17,1,1138.17
276,Pantalón S,241,13648.13,3,4549.376666666666
279,Pantalón XL,105,4647.86,2,2323.93
280,Pantalón S,29,1188.71,1,1188.71
281,Pantalón M,50,3367.58,2,1683.79
282,Camisa M,27,2631.69,1,2631.69
285,Overol L,86,3569.3199999999997,2,1784.6599999999999
286,Chaqueta L,62,5208.62,1,5208.62
289,Camisa M,99,9825.75,1,9825.75
290,Pantalón XL,174,10601.08,3,3533.693333333333
292,Overol M,102,5855.24,2,2927.62
293,Pantalón XL,22,1609.52,1,1609.52
294,Chaqueta M,35,2896.25,1,2896.25
297,Chaqueta M,131,7284.52,2,3642.26
298,Pantalón M,29,2758.77,1,2758.77
299,Chaqueta S,12,1131.6,1,1131.6
300,Chaqueta XL,66,5842.64,2,2921.32
301,Camisa XL,30,1164.6,1,1164.6
302,Camisa S,199,10662.220000000001,3,3554.0733333333337
303,Pantalón S,90,5811.299999999999,1,5811.299999999999
305,Overol S,40,2475.6,1,2475.6
309,Camisa L,84,5364.24,1,5364.24
310,Overol L,27,2386.8,1,2386.8
311,Pantalón L,88,7861.04,1,7861.04
312,Camisa XL,54,2171.88,1,2171.88
314,Pantalón XL,67,4612.95,1,4612.95
315,Camisa M,99,7531.209999999999,3,2510.403333333333
316,Chaqueta L,40,3102.0,1,3102.0
318,Chaqueta XL,9,490.95,1,490.95
319,Overol S,22,1259.5,1,1259.5
320,Overol M,236,15051.98,4,3762.995
321,Camisa L,106,6906.34,3,2302.1133333333332
322,Camisa XL,75,3256.5,1,3256.5
323,Chaqueta L,44,2610.96,1,2610.96
325,Chaqueta XL,43,2429.5,1,2429.5
326,Chaqueta S,5,225.35,1,225.35
327,Overol S,89,5341.780000000001,1,5341.780000000001
328,Camisa M,8,536.24,1,536.24
329,Overol L,113,10294.02,2,5147.01
331,Chaqueta L,62,4112.46,1,4112.46
332,Pantalón S,94,7363.01,2,3681.505
335,Overol XL,83,6811.54,2,3405.77
339,Camisa M,56,4031.44,1,4031.44
340,Overol M,38,1640.6599999999999,2,820.3299999999999
341,Chaqueta M,113,7678.21,2,3839.105
342,Pantalón L,90,7632.530000000001,3,2544.1766666666667
346,Chaqueta L,145,10023.65,2,5011.825
349,Chaqueta S,34,2731.22,1,2731.22
350,Overol M,49,4367.37,1,4367.37
351,Overol XL,24,1743.15,2,871.575
353,Camisa XL,41,2138.9700000000003,1,2138.9700000000003
354,Chaqueta XL,129,8054.56,2,4027.28
357,Camisa S,34,2712.18,1,2712.18
358,Overol L,71,4627.73,2,2313.865
360,Camisa XL,138,10638.36,2,5319.18
361,Overol XL,70,3376.8,1,3376.8
364,Chaqueta M,159,5502.55,2,2751.275
365,Pantalón S,7,271.74,1,271.74
366,Overol M,66,5435.76,1,5435.76
368,Overol XL,81,7601.849999999999,1,7601.849999999999
370,Camisa S,54,1912.68,1,1912.68
371,Chaqueta M,199,12131.310000000001,3,4043.7700000000004
372,Pantalón S,159,9722.57,3,3240.8566666666666
373,Camisa M,65,5191.969999999999,2,2595.9849999999997
374,Overol M,4,348.72,1,348.72
375,Camisa S,61,5141.08,1,5141.08
376,Pantalón M,57,2892.13,2,1446.065
377,Overol M,214,10561.31,4,2640.3275
378,Camisa M,76,6653.040000000001,1,6653.040000000001
379,Camisa S,36,2140.0299999999997,2,1070.0149999999999
381,Chaqueta M,72,5951.52,1,5951.52
383,Overol S,81,6083.91,1,6083.91
384,Chaqueta S,155,8123.05,3,2707.6833333333334
386,Overol L,82,3423.27,3,1141.09
387,Overol S,15,1282.2,1,1282.2
388,Overol M,65,5289.7,1,5289.7
390,Chaqueta XL,85,5951.970000000001,2,2975.9850000000006
391,Chaqueta L,72,3885.29,4,971.3225
392,Pantalón M,88,8637.2,1,8637.2
394,Camisa S,163,7140.51,2,3570.255
395,Camisa S,8,459.12,1,459.12
396,Pantalón M,54,4428.32,2,2214.16
399,Chaqueta L,75,7314.75,1,7314.75
400,Camisa S,79,4612.81,1,4612.81
402,Chaqueta L,109,7201.7699999999995,2,3600.8849999999998
403,Overol L,55,4721.75,1,4721.75
405,Pantalón L,62,4033.72,1,4033.72
406,Pantalón XL,220,15537.06,3,5179.0199999999995
407,Camisa S,83,3278.5,1,3278.5
408,Overol S,47,4566.05,1,4566.05
409,Chaqueta M,127,4965.28,2,2482.64
411,Pantalón L,153,10557.95,2,5278.975
412,Camisa M,2,93.98,1,93.98
413,Camisa L,34,1656.48,1,1656.48
414,Overol XL,186,7807.2,3,2602.4
415,Pantalón M,46,3732.9,1,3732.9
418,Chaqueta L,18,986.4,1,986.4
420,Chaqueta M,75,4500.75,1,4500.75
421,Overol S,102,8162.4,2,4081.2
422,Overol S,85,5244.82,3,1748.2733333333333
424,Chaqueta M,20,694.92,2,347.46
425,Camisa M,92,6451.959999999999,1,6451.959999999999
428,Chaqueta M,94,7358.32,1,7358.32
430,Chaqueta XL,28,1542.8,1,1542.8
432,Chaqueta S,87,7332.36,1,7332.36
433,Chaqueta L,345,21737.0,5,4347.4
435,Pantalón L,89,4870.08,1,4870.08
436,Chaqueta S,124,10528.91,2,5264.455
437,Pantalón L,15,1369.65,1,1369.65
438,Overol M,133,7378.4,3,2459.4666666666667
440,Pantalón S,132,10244.96,2,5122.48
442,Camisa L,55,2268.7999999999997,2,1134.3999999999999
446,Camisa M,40,2230.8,1,2230.8
448,Chaqueta XL,7,461.65,1,461.65
449,Overol S,2,82.82,1,82.82
450,Pantalón L,252,22152.08,3,7384.026666666668
451,Chaqueta M,138,7085.12,3,2361.7066666666665
453,Camisa M,32,3125.44,1,3125.44
458,Overol XL,1,83.62,1,83.62
459,Camisa S,45,2902.9500000000003,1,2902.9500000000003
461,Camisa S,5,408.3,1,408.3
462,Chaqueta L,85,7967.05,1,7967.05
463,Chaqueta L,63,2361.24,1,2361.24
464,Overol XL,10,658.6,1,658.6
465,Overol S,78,6480.12,2,3240.06
467,Camisa L,165,9365.68,3,3121.8933333333334
468,Overol XL,70,2795.1,1,2795.1
469,Pantalón XL,74,6228.92,2,3114.46
471,Camisa S,44,4220.4800000000005,1,4220.4800000000005
472,Overol XL,61,5463.77,1,5463.77
473,Overol XL,75,2274.75,1,2274.75
474,Overol L,43,2699.97,1,2699.97
475,Chaqueta S,118,5715.06,3,1905.0200000000002
476,Overol M,94,4879.54,1,4879.54
477,Camisa XL,54,2566.08,2,1283.04
478,Overol M,74,4281.64,1,4281.64
479,Camisa S,35,1502.55,1,1502.55
480,Overol XL,52,4087.2,1,4087.2
481,Camisa S,88,4734.4,1,4734.4
486,Pantalón S,11,710.27,1,710.27
487,Overol L,94,6419.98,2,3209.99
488,Chaqueta M,18,638.82,1,638.82
490,Chaqueta XL,116,9226.9,2,4613.45
491,Chaqueta XL,91,7339.150000000001,1,7339.150000000001
493,Pantalón M,231,11460.29,4,2865.0725
494,Overol L,23,1548.36,1,1548.36
495,Pantalón L,3,138.63,1,138.63
497,Camisa S,70,3913.7,1,3913.7
498,Chaqueta M,3,107.46,1,107.46
501,Camisa M,67,5308.679999999999,2,2654.3399999999997
502,Camisa L,82,4158.2,2,2079.1
503,Overol L,137,9723.3,2,4861.65
505,Chaqueta XL,4,383.24,1,383.24
507,Chaqueta L,134,6728.68,2,3364.34
508,Pantalón M,80,6719.7,2,3359.85
510,Overol M,59,3964.21,1,3964.21
511,Chaqueta XL,53,2051.55,2,1025.775
512,Pantalón S,162,7892.9800000000005,2,3946.4900000000002
513,Pantalón M,71,5440.69,2,2720.345
514,Camisa M,5,446.1,1,446.1
515,Camisa L,164,13586.76,2,6793.38
516,Overol L,61,5872.469999999999,1,5872.469999999999
520,Overol XL,19,1783.7199999999998,1,1783.7199999999998
521,Camisa L,9,824.85,1,824.85
522,Overol XL,32,1032.64,1,1032.64
523,Chaqueta L,42,3963.96,1,3963.96
524,Pantalón S,21,882.4200000000001,1,882.4200000000001
528,Camisa XL,135,11558.71,2,5779.355
535,Overol M,93,4643.49,1,4643.49
536,Camisa M,98,4633.4400000000005,1,4633.4400000000005
537,Pantalón S,77,4474.47,1,4474.47
538,Chaqueta S,113,5917.030000000001,2,2958.5150000000003
539,Camisa M,175,13324.86,2,6662.43
541,Chaqueta XL,45,1904.85,1,1904.85
544,Chaqueta L,54,3980.33,2,1990.165
545,Overol M,17,1267.18,1,1267.18
548,Pantalón XL,13,635.25,2,317.625
549,Camisa XL,91,4725.63,1,4725.63
550,Pantalón M,50,1603.0,1,1603.0
553,Chaqueta L,74,6119.8,1,6119.8
556,Pantalón XL,2,144.02,1,144.02
559,Chaqueta L,46,3130.3,1,3130.3
560,Camisa M,113,3511.68,2,1755.84
563,Camisa XL,61,3349.51,1,3349.51
564,Pantalón XL,98,3474.1000000000004,1,3474.1000000000004
568,Chaqueta XL,54,2714.5800000000004,1,2714.5800000000004
569,Chaqueta M,32,1914.56,1,1914.56
572,Chaqueta M,64,4247.68,1,4247.68
574,Pantalón XL,17,737.9699999999999,1,737.9699999999999
575,Chaqueta L,162,12995.67,2,6497.835
576,Overol S,146,9905.07,2,4952.535
578,Overol L,82,6455.360000000001,2,3227.6800000000003
579,Overol L,87,8134.5,1,8134.5
580,Chaqueta M,62,2379.56,1,2379.56
583,Camisa L,4,284.32,1,284.32
585,Chaqueta M,54,2917.51,2,1458.755
586,Overol M,157,9535.810000000001,4,2383.9525000000003
587,Camisa M,73,5144.31,1,5144.31
588,Pantalón S,112,7743.27,2,3871.635
589,Camisa L,122,10216.689999999999,2,5108.344999999999
590,Overol M,156,10442.140000000001,2,5221.070000000001
593,Chaqueta XL,110,5296.97,2,2648.485
594,Camisa L,8,606.08,1,606.08
595,Camisa L,40,3608.8,1,3608.8
597,Chaqueta M,276,17585.25,4,4396.3125
598,Chaqueta M,78,6169.830000000001,2,3084.9150000000004
599,Chaqueta S,47,3864.34,1,3864.34
600,Pantalón S,79,7486.83,1,7486.83
601,Pantalón S,90,6038.1,1,6038.1
602,Overol L,64,4581.12,1,4581.12
604,Camisa M,27,1101.6,1,1101.6
605,Pantalón S,23,1541.23,1,1541.23
606,Camisa S,91,8743.28,1,8743.28
607,Camisa S,41,3448.51,1,3448.51
611,Camisa M,31,2550.68,1,2550.68
614,Chaqueta M,50,1960.5,1,1960.5
615,Pantalón M,51,2821.05,2,1410.525
617,Pantalón S,76,6477.4800000000005,1,6477.4800000000005
618,Overol M,38,3695.5,1,3695.5
621,Chaqueta S,8,257.44,1,257.44
622,Chaqueta L,21,1137.36,1,1137.36
623,Overol M,11,583.4399999999999,1,583.4399999999999
625,Pantalón M,235,13654.37,4,3413.5925
626,Chaqueta XL,98,3878.84,1,3878.84
631,Chaqueta L,135,9502.5,3,3167.5
632,Overol XL,39,2421.12,1,2421.12
633,Camisa XL,5,329.79999999999995,1,329.79999999999995
636,Pantalón M,215,14439.689999999999,3,4813.23
637,Camisa M,72,2887.2000000000003,1,2887.2000000000003
638,Camisa L,81,4621.18,2,2310.59
639,Camisa M,27,1926.45,1,1926.45
640,Chaqueta S,66,3402.96,1,3402.96
641,Camisa M,67,2444.83,1,2444.83
642,Camisa L,148,10796.34,2,5398.17
643,Overol L,69,4491.9,1,4491.9
646,Overol S,38,1808.04,1,1808.04
647,Chaqueta M,42,3613.68,1,3613.68
648,Overol XL,45,3257.1,1,3257.1
649,Overol L,46,4495.58,1,4495.58
652,Overol S,55,4763.55,1,4763.55
653,Camisa XL,22,1012.0,1,1012.0
654,Overol M,25,2369.25,1,2369.25
655,Chaqueta L,95,6133.83,2,3066.915
659,Camisa S,91,3114.02,1,3114.02
662,Overol M,152,9836.880000000001,2,4918.4400000000005
664,Overol XL,45,3344.4,1,3344.4
665,Chaqueta XL,52,3360.76,1,3360.76
666,Camisa L,95,6238.650000000001,1,6238.650000000001
669,Overol XL,137,6512.35,3,2170.7833333333333
671,Camisa M,93,7816.65,1,7816.65
672,Camisa L,94,6605.379999999999,1,6605.379999999999
674,Chaqueta M,159,10350.869999999999,2,5175.4349999999995
676,Chaqueta L,73,4334.59,2,2167.295
677,Chaqueta M,40,2660.0,1,2660.0
678,Overol XL,60,5061.0,1,5061.0
679,Chaqueta XL,30,2159.11,2,1079.555
680,Chaqueta S,34,1267.86,1,1267.86
681,Chaqueta XL,19,1072.36,1,1072.36
682,Overol S,47,3112.11,2,1556.055
683,Pantalón S,11,400.47999999999996,2,200.23999999999998
688,Overol M,119,8037.299999999999,2,4018.6499999999996
689,Chaqueta L,141,10162.08,2,5081.04
690,Chaqueta M,52,3011.84,1,3011.84
691,Camisa M,34,1459.62,1,1459.62
693,Camisa XL,33,1798.17,1,1798.17
696,Pantalón L,30,1309.2,1,1309.2
697,Camisa S,101,9348.98,2,4674.49
699,Pantalón S,17,1184.21,2,592.105
702,Camisa L,14,521.9200000000001,1,521.9200000000001
704,Camisa XL,125,6493.34,2,3246.67
705,Chaqueta M,49,3110.99,2,1555.495
706,Camisa L,97,8272.16,1,8272.16
712,Pantalón L,127,11940.330000000002,2,5970.165000000001
713,Camisa L,79,3249.27,1,3249.27
714,Pantalón XL,116,4459.9400000000005,2,2229.9700000000003
715,Overol S,14,1132.74,1,1132.74
717,Camisa L,61,2221.01,1,2221.01
719,Camisa M,101,4086.8,3,1362.2666666666667
720,Camisa M,75,4772.26,2,2386.13
722,Pantalón XL,96,3776.64,1,3776.64
723,Chaqueta L,93,8801.61,2,4400.805
724,Chaqueta M,32,2326.4,1,2326.4
726,Chaqueta XL,154,11686.92,3,3895.64
727,Pantalón S,12,434.64,1,434.64
729,Pantalón M,145,10032.029999999999,3,3344.0099999999998
731,Camisa S,64,5061.12,1,5061.12
732,Camisa L,112,9621.400000000001,2,4810.700000000001
733,Camisa S,77,2576.42,1,2576.42
734,Chaqueta S,50,1653.5,1,1653.5
737,Overol S,45,2824.2,1,2824.2
738,Camisa L,239,18183.22,3,6061.073333333334
739,Overol L,62,5491.96,1,5491.96
741,Chaqueta M,81,5924.17,2,2962.085
742,Chaqueta M,43,3295.09,1,3295.09
745,Pantalón XL,78,6974.76,1,6974.76
746,Chaqueta L,163,11546.32,2,5773.16
747,Overol L,64,3710.29,2,1855.145
748,Camisa XL,107,6856.98,2,3428.49
749,Overol L,12,429.96,1,429.96
750,Overol XL,38,2402.36,1,2402.36
752,Overol S,86,5762.0,1,5762.0
753,Chaqueta XL,129,8619.09,3,2873.03
754,Overol S,98,4602.08,1,4602.08
756,Overol S,96,8860.26,2,4430.13
757,Overol S,115,6598.32,2,3299.16
759,Camisa XL,73,6031.830000000001,2,3015.9150000000004
760,Chaqueta M,188,14125.029999999999,4,3531.2574999999997
763,Chaqueta M,105,8160.950000000001,2,4080.4750000000004
764,Chaqueta L,62,3829.74,1,3829.74
767,Pantalón M,15,1056.15,1,1056.15
768,Overol L,117,7004.0,3,2334.6666666666665
769,Pantalón M,90,5183.1,1,5183.1
770,Pantalón M,102,7227.68,2,3613.84
771,Overol L,36,1685.88,1,1685.88
772,Overol M,46,1882.32,1,1882.32
773,Camisa M,109,8884.72,3,2961.5733333333333
777,Overol S,52,3144.44,1,3144.44
778,Pantalón XL,83,4743.22,2,2371.61
779,Overol L,34,1464.04,1,1464.04
783,Overol L,62,3070.86,1,3070.86
785,Overol L,55,4346.099999999999,1,4346.099999999999
787,Overol XL,105,5726.21,2,2863.105
788,Chaqueta S,161,10951.79,2,5475.895
789,Overol XL,185,10588.48,3,3529.4933333333333
790,Pantalón L,62,3261.2000000000003,1,3261.2000000000003
791,Camisa M,66,2280.3,1,2280.3
792,Overol S,20,1352.4,1,1352.4
793,Chaqueta L,9,279.63,1,279.63
795,Overol S,8,588.64,1,588.64
796,Camisa XL,174,7771.950000000001,3,2590.65
797,Overol S,105,8696.85,3,2898.9500000000003
798,Overol L,243,16678.57,4,4169.6425
800,Camisa XL,84,5881.679999999999,1,5881.679999999999
802,Pantalón M,97,2999.24,1,2999.24
803,Chaqueta S,8,706.32,1,706.32
806,Chaqueta M,29,1059.37,1,1059.37
807,Pantalón S,87,5300.04,1,5300.04
808,Pantalón S,71,4436.08,1,4436.08
809,Pantalón M,38,1468.7,1,1468.7
811,Chaqueta M,271,15399.23,4,3849.8075
812,Camisa XL,231,17203.940000000002,3,5734.646666666667
813,Chaqueta M,81,7404.21,1,7404.21
814,Pantalón L,56,1925.44,2,962.72
817,Pantalón M,247,19976.96,3,6658.986666666667
818,Chaqueta M,10,472.1,1,472.1
820,Pantalón L,58,3078.05,2,1539.025
821,Pantalón M,99,7842.78,1,7842.78
824,Camisa L,65,5687.96,3,1895.9866666666667
826,Pantalón S,79,3376.46,1,3376.46
829,Camisa XL,16,912.8,1,912.8
830,Camisa M,86,8378.980000000001,1,8378.980000000001
831,Chaqueta M,29,2511.85,2,1255.925
832,Overol M,52,2186.08,1,2186.08
833,Pantalón S,82,4471.46,1,4471.46
834,Overol XL,92,4848.400000000001,1,4848.400000000001
836,Camisa M,90,5648.4,1,5648.4
838,Chaqueta S,54,2970.0,1,2970.0
839,Overol L,30,1684.15,2,842.075
840,Camisa L,1,44.52,1,44.52
841,Overol XL,93,3342.42,1,3342.42
843,Chaqueta L,40,1837.2,1,1837.2
844,Overol S,115,9577.66,2,4788.83
845,Pantalón S,112,6926.139999999999,2,3463.0699999999997
846,Chaqueta L,18,850.32,1,850.32
849,Overol L,25,963.25,1,963.25
851,Pantalón L,87,7259.28,1,7259.28
852,Chaqueta M,44,1361.36,1,1361.36
854,Pantalón S,21,893.13,1,893.13
855,Pantalón M,18,603.72,1,603.72
856,Pantalón L,78,2494.44,1,2494.44
859,Chaqueta M,95,6420.099999999999,1,6420.099999999999
860,Chaqueta S,86,3380.4,3,1126.8
861,Pantalón L,25,1545.25,1,1545.25
862,Chaqueta M,57,4973.25,1,4973.25
864,Pantalón L,31,3053.19,1,3053.19
865,Chaqueta XL,86,4200.3,2,2100.15
866,Camisa XL,22,703.78,1,703.78
867,Chaqueta S,86,5069.450000000001,2,2534.7250000000004
868,Overol M,32,2786.56,1,2786.56
871,Overol L,96,5216.49,2,2608.245
874,Chaqueta XL,61,2262.49,1,2262.49
878,Camisa XL,206,12850.92,4,3212.73
879,Overol M,124,9816.07,3,3272.023333333333
881,Overol L,172,8343.75,2,4171.875
883,Overol S,57,1891.26,1,1891.26
888,Overol XL,96,3608.64,1,3608.64
889,Overol S,89,6233.56,1,6233.56
890,Overol XL,99,7898.22,1,7898.22
892,Overol L,86,6206.62,1,6206.62
893,Overol S,78,5061.42,1,5061.42
895,Pantalón XL,15,830.55,1,830.55
898,Overol S,59,4756.58,1,4756.58
899,Camisa M,25,955.5,1,955.5
902,Chaqueta XL,81,6638.349999999999,2,3319.1749999999997
903,Overol L,267,22521.71,4,5630.4275
905,Chaqueta M,67,3609.33,2,1804.665
907,Pantalón L,126,8221.92,2,4110.96
908,Pantalón S,53,3769.36,1,3769.36
913,Overol L,18,842.58,1,842.58
916,Camisa L,218,18683.18,3,6227.7266666666665
917,Overol XL,165,7247.41,3,2415.8033333333333
918,Camisa S,176,11648.32,2,5824.16
922,Camisa M,61,2521.13,1,2521.13
926,Overol L,69,3519.46,3,1173.1533333333334
929,Overol XL,8,395.04,1,395.04
930,Camisa S,2,135.77,2,67.885
931,Pantalón XL,89,6032.42,1,6032.42
933,Pantalón XL,31,2652.05,1,2652.05
935,Chaqueta L,38,1400.06,2,700.03
936,Camisa S,55,3483.15,1,3483.15
937,Overol XL,78,3623.88,1,3623.88
939,Overol M,168,9422.54,3,3140.846666666667
940,Camisa L,52,2553.2000000000003,1,2553.2000000000003
941,Overol XL,176,8812.94,3,2937.646666666667
942,Chaqueta L,88,4488.88,1,4488.88
943,Pantalón L,91,5921.08,2,2960.54
944,Overol M,31,2947.48,1,2947.48
948,Overol XL,70,4267.9,1,4267.9
949,Pantalón M,16,864.48,1,864.48
952,Overol S,60,5344.2,1,5344.2
955,Chaqueta XL,7,576.31,1,576.31
956,Camisa S,28,2668.1200000000003,1,2668.1200000000003
957,Camisa S,78,3415.62,1,3415.62
960,Pantalón XL,1,76.47,1,76.47
961,Chaqueta XL,180,9553.92,2,4776.96
962,Camisa S,62,5365.9,2,2682.95
963,Chaqueta XL,90,5428.2,2,2714.1
964,Overol S,71,6572.469999999999,1,6572.469999999999
965,Camisa XL,106,9402.369999999999,2,4701.1849999999995
969,Overol M,12,620.28,1,620.28
970,Overol M,1,99.03,1,99.03
973,Pantalón S,74,7017.42,1,7017.42
974,Overol M,15,1126.5,1,1126.5
975,Chaqueta L,153,12142.08,3,4047.36
976,Overol S,19,1492.45,1,1492.45
977,Camisa L,86,7965.320000000001,1,7965.320000000001
979,Camisa XL,92,8848.560000000001,1,8848.560000000001
982,Pantalón XL,96,9527.04,1,9527.04
985,Overol L,129,6872.4400000000005,2,3436.2200000000003
986,Overol L,135,11782.17,2,5891.085
987,Overol S,110,5958.620000000001,3,1986.206666666667
988,Camisa S,98,5951.54,1,5951.54
989,Chaqueta XL,84,7021.42,2,3510.71
990,Camisa L,32,2512.96,1,2512.96
991,Chaqueta S,57,4027.62,1,4027.62
992,Pantalón M,173,13495.71,2,6747.855
993,Chaqueta M,36,1456.76,2,728.38
995,Camisa M,148,8754.78,2,4377.39
996,Camisa S,27,2272.32,1,2272.32
997,Camisa M,86,6529.31,2,3264.655
998,Pantalón M,29,2312.17,1,2312.17
999,Overol S,86,6829.259999999999,1,6829.259999999999
1000,Overol S,71,6694.59,1,6694.59
1002,Pantalón S,105,7950.800000000001,3,2650.266666666667
1003,Overol S,46,4246.3,2,2123.15
1005,Camisa M,55,5131.5,1,5131.5
1006,Pantalón S,59,1885.64,1,1885.64
1007,Overol L,87,3924.57,1,3924.57
1008,Chaqueta M,109,7677.9,2,3838.95
1009,Chaqueta XL,108,5110.5,3,1703.5
1011,Chaqueta XL,51,3776.04,1,3776.04
1012,Camisa L,7,517.93,1,517.93
1013,Camisa XL,96,4087.68,1,4087.68
1015,Pantalón L,55,5283.389999999999,2,2641.6949999999997
1018,Camisa S,98,4592.76,2,2296.38
1019,Pantalón M,155,9049.28,3,3016.4266666666667
1020,Chaqueta M,200,14475.83,3,4825.276666666667
1022,Chaqueta M,179,14268.960000000001,2,7134.4800000000005
1024,Overol M,35,2142.7,1,2142.7
1025,Chaqueta XL,171,10965.82,3,3655.273333333333
1027,Overol XL,26,884.26,1,884.26
1028,Pantalón XL,42,3995.46,1,3995.46
1029,Pantalón XL,31,1944.32,1,1944.32
1030,Camisa L,53,2141.73,1,2141.73
1032,Pantalón M,97,4042.96,1,4042.96
1033,Pantalón XL,64,3738.24,1,3738.24
1035,Chaqueta M,12,549.0,1,549.0
1038,Chaqueta S,35,1422.0500000000002,1,1422.0500000000002
1039,Overol S,59,3876.3,1,3876.3
1041,Pantalón S,164,5949.879999999999,2,2974.9399999999996
1042,Chaqueta S,191,12859.26,3,4286.42
1043,Pantalón M,8,625.52,1,625.52
1044,Camisa XL,98,4183.969999999999,2,2091.9849999999997
1045,Camisa XL,117,8409.6,2,4204.8
1047,Pantalón M,128,7368.91,3,2456.3033333333333
1049,Chaqueta XL,5,470.05,1,470.05
1053,Chaqueta S,139,6160.37,2,3080.185
1054,Overol XL,132,11452.43,2,5726.215
1055,Camisa XL,93,6112.89,1,6112.89
1056,Overol M,32,2231.04,1,2231.04
1057,Camisa S,60,5616.0,1,5616.0
1058,Pantalón M,62,5011.37,2,2505.685
1062,Chaqueta L,230,14435.57,3,4811.856666666667
1063,Camisa M,14,711.1999999999999,1,711.1999999999999
1064,Overol L,85,5940.219999999999,3,1980.073333333333
1065,Pantalón L,89,8670.380000000001,1,8670.380000000001
1066,Chaqueta L,57,1967.64,1,1967.64
1067,Chaqueta L,113,5461.530000000001,3,1820.5100000000002
1068,Camisa S,53,4644.92,1,4644.92
1069,Overol S,66,3389.76,1,3389.76
1070,Camisa XL,19,1412.46,1,1412.46
1071,Pantalón XL,22,949.08,1,949.08
1072,Chaqueta L,160,9249.17,3,3083.056666666667
1073,Camisa M,68,5913.96,1,5913.96
1075,Overol S,206,13738.34,3,4579.446666666667
1076,Pantalón M,35,2108.75,1,2108.75
1077,Pantalón XL,169,7459.71,2,3729.855
1079,Pantalón L,44,1861.64,1,1861.64
1080,Camisa M,40,3234.08,2,1617.04
1082,Pantalón M,40,2133.2,1,2133.2
1083,Overol M,171,6979.24,3,2326.4133333333334
1084,Pantalón L,90,6165.900000000001,1,6165.900000000001
1085,Overol M,181,10154.97,3,3384.99
1086,Overol XL,97,9156.8,1,9156.8
1090,Camisa S,153,8759.0,3,2919.6666666666665
1091,Camisa M,31,1944.63,1,1944.63
1094,Overol XL,78,6494.72,2,3247.36
1095,Overol S,43,3384.53,1,3384.53
1096,Pantalón S,73,7030.63,1,7030.63
1098,Overol S,139,8506.25,3,2835.4166666666665
1101,Camisa L,26,2293.2000000000003,1,2293.2000000000003
1102,Chaqueta S,18,1610.46,1,1610.46
1103,Pantalón L,58,5609.179999999999,1,5609.179999999999
1104,Pantalón L,118,7691.26,3,2563.7533333333336
1106,Overol L,100,7604.85,2,3802.425
1107,Camisa S,71,2504.88,1,2504.88
1108,Camisa S,132,9496.45,3,3165.4833333333336
1109,Camisa S,22,1140.04,1,1140.04
1110,Chaqueta XL,155,13184.329999999998,3,4394.776666666666
1111,Pantalón M,51,4089.18,1,4089.18
1112,Pantalón M,7,294.84,1,294.84
1113,Camisa XL,103,8494.050000000001,2,4247.025000000001
1115,Camisa XL,55,1806.2000000000005,1,1806.2000000000005
1116,Overol L,159,15134.98,3,5044.993333333333
1117,Overol XL,18,894.8999999999999,2,447.44999999999993
1118,Camisa S,69,2546.79,1,2546.79
1119,Overol L,78,2691.0,1,2691.0
1120,Overol L,45,1478.25,1,1478.25
1122,Camisa S,22,1752.96,1,1752.96
1125,Overol M,27,1516.87,2,758.435
1126,Camisa M,8,466.56,1,466.56
1128,Overol S,73,4274.87,2,2137.435
1129,Pantalón S,69,3366.2599999999998,2,1683.1299999999999
1130,Overol L,97,4965.25,2,2482.625
1132,Camisa S,48,3427.6800000000003,2,1713.8400000000001
1133,Chaqueta S,19,1170.97,1,1170.97
1134,Camisa S,30,2657.1,1,2657.1
1135,Chaqueta M,147,10587.05,2,5293.525
1136,Pantalón XL,71,3094.18,1,3094.18
1137,Camisa L,56,3626.0,1,3626.0
1138,Chaqueta M,68,5278.5,2,2639.25
1139,Pantalón M,105,7219.62,3,2406.54
1140,Chaqueta L,4,285.64,1,285.64
1141,Chaqueta L,16,1375.68,1,1375.68
1142,Camisa M,88,7690.5599999999995,2,3845.2799999999997
1144,Camisa S,57,3182.2200000000003,2,1591.1100000000001
1145,Overol M,122,4761.54,3,1587.18
1146,Overol M,100,5555.54,2,2777.77
1147,Chaqueta L,54,2518.06,2,1259.03
1148,Overol M,47,1622.7100000000003,2,811.3550000000001
1149,Pantalón S,105,6648.199999999999,4,1662.0499999999997
1150,Camisa XL,99,8545.679999999998,1,8545.679999999998
1152,Chaqueta S,116,5866.93,2,2933.465
1155,Pantalón L,151,10654.8,2,5327.4
1156,Chaqueta M,175,11369.71,2,5684.855
1162,Overol S,207,10291.23,4,2572.8075
1163,Overol XL,58,3108.8,1,3108.8
1165,Camisa M,19,1228.54,1,1228.54
1166,Pantalón L,17,922.08,1,922.08
1167,Chaqueta L,17,630.7,1,630.7
1169,Overol M,90,7216.200000000001,1,7216.200000000001
1170,Chaqueta M,110,9516.0,2,4758.0
1172,Pantalón L,15,637.1999999999999,1,637.1999999999999
1173,Chaqueta L,68,6125.44,1,6125.44
1177,Chaqueta S,70,4949.7,1,4949.7
1178,Overol M,102,3595.17,2,1797.585
1181,Camisa L,94,3569.18,1,3569.18
1182,Camisa L,175,11642.05,2,5821.025
1183,Camisa L,42,4084.5,1,4084.5
1184,Pantalón L,34,2461.26,1,2461.26
1185,Pantalón L,27,1426.68,1,1426.68
1186,Chaqueta XL,231,17345.89,3,5781.963333333333
1187,Chaqueta L,44,2922.63,2,1461.315
1189,Overol M,69,5846.87,3,1948.9566666666667
1190,Overol L,56,4034.24,1,4034.24
1193,Overol L,27,2457.0,1,2457.0
1194,Overol S,44,2621.08,1,2621.08
1195,Pantalón M,82,2915.1,1,2915.1
1196,Camisa S,27,1055.28,2,527.64
1197,Overol S,53,4072.52,1,4072.52
1198,Overol XL,20,1203.8,1,1203.8
1200,Overol S,84,3976.56,1,3976.56
1201,Camisa M,30,1379.1,1,1379.1
1202,Chaqueta XL,60,5039.8,2,2519.9
1205,Camisa M,128,9022.25,3,3007.4166666666665
1207,Chaqueta S,4,370.76,1,370.76
1211,Overol XL,143,10374.67,2,5187.335
1212,Overol M,98,9691.22,1,9691.22
1213,Pantalón L,24,1698.28,2,849.14
1214,Chaqueta XL,99,3636.27,1,3636.27
1215,Camisa XL,21,814.8,1,814.8
1217,Overol XL,162,6992.22,4,1748.055
1218,Camisa M,49,2723.9100000000003,1,2723.9100000000003
1219,Chaqueta XL,18,1256.22,1,1256.22
1221,Overol S,45,1561.05,1,1561.05
1223,Pantalón M,127,6965.620000000001,3,2321.8733333333334
1224,Overol M,81,5656.23,1,5656.23
1226,Overol M,114,6429.16,2,3214.58
1230,Overol L,77,3641.33,1,3641.33
1231,Camisa L,41,2370.62,1,2370.62
1233,Chaqueta S,48,1732.6799999999998,2,866.3399999999999
1235,Chaqueta S,42,1562.82,1,1562.82
1237,Camisa S,133,10382.36,2,5191.18
1238,Pantalón L,153,8155.35,3,2718.4500000000003
1239,Chaqueta XL,62,4465.33,2,2232.665
1241,Chaqueta S,24,1952.88,1,1952.88
1244,Pantalón S,48,3429.6000000000004,1,3429.6000000000004
1246,Pantalón S,84,2535.12,1,2535.12
1247,Camisa S,77,7357.349999999999,1,7357.349999999999
1248,Overol S,136,5606.96,2,2803.48
1249,Overol M,114,5028.96,2,2514.48
1252,Camisa L,48,2318.4,1,2318.4
1257,Pantalón L,58,4410.9,1,4410.9
1258,Overol M,35,1205.05,1,1205.05
1259,Overol L,92,7699.48,1,7699.48
1260,Pantalón L,1,87.59,1,87.59
1264,Pantalón M,51,3199.74,1,3199.74
1265,Camisa M,22,1613.6999999999998,1,1613.6999999999998
1266,Camisa S,47,3390.11,1,3390.11
1267,Pantalón S,163,6779.9400000000005,2,3389.9700000000003
1268,Chaqueta L,27,1217.97,1,1217.97
1269,Camisa S,43,4257.86,1,4257.86
1271,Camisa M,13,787.93,1,787.93
1272,Chaqueta XL,40,3617.6,1,3617.6
1273,Overol L,19,1163.18,1,1163.18
1275,Overol S,245,9110.37,5,1822.074
1276,Camisa L,50,4466.0,1,4466.0
1277,Pantalón M,42,1670.76,1,1670.76
1278,Overol L,89,6579.77,1,6579.77
1280,Pantalón S,22,1635.48,1,1635.48
1281,Chaqueta M,77,6900.740000000001,1,6900.740000000001
1284,Pantalón S,133,7121.41,2,3560.705
1285,Overol L,33,1230.57,1,1230.57
1289,Camisa L,57,3349.8900000000003,1,3349.8900000000003
1292,Camisa S,99,6045.93,1,6045.93
1295,Chaqueta S,141,6382.360000000001,2,3191.1800000000003
1296,Camisa XL,67,6480.24,1,6480.24
1297,Camisa XL,104,7123.8,2,3561.9
1299,Pantalón M,91,5253.429999999999,1,5253.429999999999
1301,Pantalón L,82,7201.24,1,7201.24
1302,Chaqueta S,55,1921.15,1,1921.15
1303,Chaqueta XL,48,3991.68,1,3991.68
1304,Pantalón L,90,3261.98,2,1630.99
1305,Chaqueta S,72,4884.78,2,2442.39
1307,Camisa S,44,2835.36,1,2835.36
1308,Camisa XL,53,5165.91,1,5165.91
1309,Pantalón M,81,6158.73,2,3079.365
1311,Chaqueta L,80,3189.6,1,3189.6
1312,Chaqueta XL,39,1494.87,1,1494.87
1313,Chaqueta M,92,8349.92,1,8349.92
1314,Pantalón M,95,6783.000000000001,1,6783.000000000001
1315,Camisa XL,45,3809.7,1,3809.7
1316,Overol S,95,8823.56,2,4411.78
1317,Pantalón XL,94,3970.56,1,3970.56
1318,Pantalón XL,170,12063.32,2,6031.66
1319,Camisa L,118,8867.130000000001,3,2955.7100000000005
1320,Camisa L,16,942.08,1,942.08
1321,Camisa XL,46,1523.52,1,1523.52
1323,Chaqueta L,44,3520.44,1,3520.44
1325,Chaqueta S,55,4084.3,1,4084.3
1326,Pantalón M,58,3187.68,1,3187.68
1327,Pantalón XL,157,12173.43,2,6086.715
1328,Camisa S,21,1215.69,1,1215.69
1330,Overol M,123,10702.560000000001,2,5351.280000000001
1331,Pantalón S,17,1650.36,1,1650.36
1333,Pantalón L,187,12406.73,3,4135.576666666667
1335,Camisa M,42,1721.16,1,1721.16
1336,Chaqueta XL,7,440.16,1,440.16
1337,Chaqueta M,210,15084.529999999999,3,5028.176666666666
1338,Overol S,37,1885.52,1,1885.52
1342,Pantalón S,160,12153.060000000001,2,6076.530000000001
1343,Pantalón M,39,2437.5,1,2437.5
1345,Chaqueta M,117,4942.59,2,2471.295
1346,Chaqueta L,79,4796.73,2,2398.365
1347,Overol M,173,10993.13,2,5496.565
1348,Pantalón XL,183,8791.35,2,4395.675
1351,Pantalón XL,390,28795.55,6,4799.258333333333
1352,Camisa XL,55,4577.650000000001,1,4577.650000000001
1353,Overol L,16,528.32,1,528.32
1354,Overol S,205,15275.05,3,5091.683333333333
1355,Overol S,75,5742.84,2,2871.42
1356,Camisa L,4,264.28,1,264.28
1357,Overol L,74,4149.38,3,1383.1266666666668
1358,Pantalón XL,107,5795.960000000001,2,2897.9800000000005
1360,Overol XL,20,704.0,1,704.0
1361,Pantalón L,128,5960.639999999999,2,2980.3199999999997
1362,Pantalón L,67,4212.29,1,4212.29
1363,Pantalón XL,184,10157.92,2,5078.96
1364,Camisa L,234,15180.23,5,3036.046
1365,Camisa M,268,20913.120000000003,4,5228.280000000001
1368,Camisa M,111,6478.860000000001,2,3239.4300000000003
1369,Camisa XL,35,1232.7,1,1232.7
1370,Chaqueta XL,64,5094.4,1,5094.4
1371,Camisa XL,74,3843.88,2,1921.94
1372,Overol M,65,4170.71,3,1390.2366666666667
1373,Overol L,114,7949.76,2,3974.88
1374,Overol S,180,9753.93,4,2438.4825
1378,Chaqueta L,23,918.62,1,918.62
1380,Pantalón S,54,3844.26,1,3844.26
1381,Pantalón XL,57,4338.27,1,4338.27
1382,Camisa L,2,97.7,1,97.7
1384,Camisa S,97,5622.12,1,5622.12
1385,Chaqueta L,150,7166.360000000001,2,3583.1800000000003
1390,Camisa XL,154,7106.0,2,3553.0
1391,Camisa XL,68,4237.96,2,2118.98
1392,Overol XL,96,6366.24,2,3183.12
1393,Pantalón L,42,1909.32,1,1909.32
1394,Camisa M,90,8962.2,1,8962.2
1396,Overol M,75,6474.75,1,6474.75
1397,Overol S,41,3649.82,1,3649.82
1399,Chaqueta M,122,5257.7,2,2628.85
1400,Pantalón L,70,6089.48,2,3044.74
1401,Pantalón XL,5,276.45,1,276.45
1405,Camisa XL,2,198.36,1,198.36
1406,Chaqueta XL,75,5460.0,1,5460.0
1408,Overol L,63,5220.81,1,5220.81
1411,Overol L,86,5263.2,1,5263.2
1412,Chaqueta XL,154,8555.42,2,4277.71
1413,Overol XL,84,5333.16,1,5333.16
1415,Pantalón M,162,11546.52,2,5773.26
1416,Overol XL,34,3249.38,1,3249.38
1419,Camisa M,43,2715.88,1,2715.88
1420,Overol M,163,11063.05,2,5531.525
1422,Pantalón XL,60,5044.8,1,5044.8
1423,Chaqueta M,75,5861.97,2,2930.985
1425,Pantalón L,59,2412.51,1,2412.51
1427,Pantalón M,20,1601.22,2,800.61
1428,Camisa S,72,5883.84,1,5883.84
1429,Pantalón M,59,4083.2299999999996,2,2041.6149999999998
1430,Chaqueta L,33,1676.73,1,1676.73
1431,Overol L,31,3020.3300000000004,1,3020.3300000000004
1432,Camisa S,56,1929.26,2,964.63
1436,Chaqueta S,80,6010.3,2,3005.15
1438,Overol S,246,13866.07,5,2773.214
1439,Pantalón S,31,2373.36,1,2373.36
1445,Chaqueta L,75,7485.75,1,7485.75
1446,Pantalón L,228,14047.9,5,2809.58
1449,Chaqueta L,109,6943.530000000001,4,1735.8825000000002
1450,Camisa M,95,5403.29,3,1801.0966666666666
1451,Camisa S,93,5865.51,1,5865.51
1452,Camisa L,11,767.14,1,767.14
1456,Overol XL,29,1642.56,1,1642.56
1457,Camisa S,160,9142.9,5,1828.58
1461,Camisa L,85,2797.35,1,2797.35
1462,Pantalón S,40,1855.6,1,1855.6
1466,Overol XL,31,1364.64,2,682.32
1468,Camisa M,48,3104.16,1,3104.16
1474,Pantalón L,42,2409.12,1,2409.12
1475,Camisa L,2,159.9,1,159.9
1476,Overol S,191,8081.02,3,2693.6733333333336
1478,Chaqueta XL,147,8498.74,4,2124.685
1479,Camisa L,58,5037.240000000001,2,2518.6200000000003
1481,Pantalón S,2,129.6,1,129.6
1482,Camisa L,69,5522.76,1,5522.76
1483,Camisa S,48,2223.36,1,2223.36
1484,Camisa L,64,2867.2,1,2867.2
1485,Camisa S,59,1931.66,1,1931.66
1489,Camisa XL,98,9798.04,1,9798.04
1495,Pantalón S,76,6558.8,1,6558.8
1496,Camisa XL,116,8102.120000000001,3,2700.706666666667
1497,Overol XL,55,1817.75,1,1817.75
1498,Overol S,10,795.5,1,795.5
1499,Chaqueta S,97,3178.4800000000005,2,1589.2400000000002
1500,Chaqueta S,96,5568.200000000001,2,2784.1000000000004
