id_detalle,id_orden,id_producto,cantidad,subtotal
1,64,960,1,76.47
2,499,1205,55,2900.7000000000003
3,713,559,46,3130.2999999999997
4,1493,1390,57,2590.65
5,807,173,87,7675.14
6,682,1002,11,760.43
7,1090,497,70,3913.7
8,690,602,64,4581.12
9,594,797,6,286.38
10,1189,1295,76,3314.36
11,835,409,49,1566.04
12,970,1205,34,3351.3799999999997
13,1064,615,6,541.8
14,1293,364,89,3324.15
15,1325,1054,77,7672.28
16,630,1106,35,1722.3500000000001
17,1447,388,65,5289.7
18,313,1476,78,4001.3999999999996
19,1190,23,12,726.0
20,180,839,5,252.65
21,632,1116,46,4505.7
22,383,358,36,2243.88
23,206,1077,81,2678.67
24,803,1056,32,2231.04
25,787,544,13,550.68
26,764,1275,50,1510.0
27,796,52,84,8294.16
28,753,128,58,5206.66
29,845,115,49,2141.79
30,1455,1320,16,942.08
31,1473,1446,68,2671.04
32,1210,1006,59,1885.64
33,1175,1083,94,2953.48
34,312,1230,77,3641.33
35,1223,1372,7,664.51
36,300,1337,86,8558.72
37,127,1182,81,3911.49
38,24,55,46,4176.8
39,138,814,30,903.9
40,932,578,17,778.26
41,772,769,90,5183.1
42,944,1019,22,1898.38
43,1120,175,77,2697.31
44,444,941,93,3303.36
45,946,1313,92,8349.92
46,870,62,67,3396.23
47,735,1211,54,3406.86
48,1250,203,18,1729.44
49,74,8,35,1385.3
50,772,845,27,1794.69
51,656,941,53,4221.98
52,230,1406,75,5460.0
53,46,58,31,1216.1299999999999
54,464,1082,40,2133.2
55,1278,1233,4,369.12
56,750,199,70,5724.6
57,946,754,98,4602.08
58,144,1420,99,5966.7300000000005
59,573,134,27,1213.65
60,1280,797,96,8315.52
61,889,719,68,2497.64
62,735,680,34,1267.86
63,758,1064,46,4540.2
64,1486,548,6,210.0
65,63,49,93,6305.4
66,584,372,69,5047.35
67,481,1039,59,3876.3
68,1380,436,59,5807.96
69,662,91,46,2411.32
70,153,1335,42,1721.1599999999999
71,82,806,29,1059.3700000000001
72,621,916,96,9250.56
73,842,666,95,6238.650000000001
74,828,1035,12,549.0
75,138,723,39,3565.7700000000004
76,577,1259,92,7699.48
77,1412,1345,49,2294.67
78,1335,1075,55,3149.2999999999997
79,1153,503,67,5996.5
80,858,1177,70,4949.7
81,28,1104,30,1607.1
82,1418,862,57,4973.25
83,632,1384,97,5622.12
84,1294,1053,81,4198.23
85,1158,265,27,1495.8
86,466,406,78,6531.719999999999
87,72,1115,55,1806.2000000000003
88,1228,1304,88,3071.2
89,1443,1038,35,1422.0500000000002
90,1500,1284,92,3086.6
91,1020,1249,65,2657.85
92,1198,1008,64,3974.4
93,7,479,35,1502.55
94,647,643,69,4491.9
95,1474,1104,41,2309.12
96,728,1364,58,3518.86
97,926,467,27,1822.2299999999998
98,150,593,63,3862.53
99,1371,293,22,1609.52
100,647,224,29,2278.5299999999997
101,270,415,46,3732.9
102,947,309,84,5364.24
103,889,422,9,628.83
104,520,210,7,274.19
105,821,166,35,3107.3
106,1369,674,77,5657.19
107,351,1319,74,5433.820000000001
108,328,135,63,4403.07
109,524,1318,92,7795.160000000001
110,132,1337,93,4897.38
111,1385,809,38,1468.7
112,107,893,78,5061.42
113,636,714,86,3525.1400000000003
114,693,1392,84,5234.88
115,624,488,18,638.82
116,1037,1138,34,3369.3999999999996
117,710,1425,59,2412.51
118,924,1223,25,1804.75
119,98,1067,53,3111.63
120,957,328,8,536.24
121,549,376,22,1284.58
122,1331,1429,36,2126.16
123,1257,636,71,2600.73
124,614,1361,72,2424.2400000000002
125,713,993,13,513.76
126,218,226,32,1095.68
127,865,1202,40,3417.2000000000003
128,231,172,53,4066.69
129,1016,1457,8,643.36
130,1201,33,55,4253.7
131,285,989,35,2658.95
132,877,622,21,1137.36
133,647,428,94,7358.32
134,1205,1185,27,1426.68
135,1283,1482,69,5522.76
136,724,783,62,3070.86
137,112,495,3,138.63
138,1246,942,88,4488.88
139,1040,1364,33,3104.31
140,326,31,22,879.12
141,955,1382,2,97.7
142,1072,727,12,434.64
143,176,279,94,3852.12
144,941,969,12,620.28
145,1459,943,43,2395.96
146,731,230,60,2064.0
147,765,1091,31,1944.6299999999999
148,49,1194,44,2621.08
149,359,726,80,4980.8
150,1368,982,96,9527.039999999999
151,1376,633,5,329.79999999999995
152,746,583,4,284.32
153,947,1483,48,2223.36
154,1094,1217,30,2244.0
155,565,1116,43,4035.98
156,257,1333,73,4367.59
157,888,290,74,4866.98
158,528,66,5,253.35000000000002
159,1074,165,23,1433.13
160,676,1319,7,467.39
161,1396,796,13,760.63
162,248,764,62,3829.7400000000002
163,1246,1217,18,610.5600000000001
164,1262,181,19,1859.7199999999998
165,880,881,97,4874.25
166,972,285,20,650.8
167,884,970,1,99.03
168,411,987,13,1163.24
169,419,742,43,3295.0899999999997
170,933,599,47,3864.34
171,694,387,15,1282.2
172,1090,841,93,3342.4199999999996
173,517,1456,29,1642.56
174,281,936,55,3483.15
175,1007,1500,2,83.3
176,1050,320,73,5977.24
177,100,1268,27,1217.97
178,564,42,92,6509.92
179,856,1107,71,2504.88
180,823,1247,77,7357.349999999999
181,1346,1135,64,5531.52
182,594,881,75,3469.5
183,1144,132,41,2151.68
184,958,155,11,548.6800000000001
185,118,941,30,1287.6000000000001
186,963,830,86,8378.980000000001
187,43,1142,8,526.56
188,721,528,86,7282.4800000000005
189,628,118,81,4206.33
190,1053,220,28,840.56
191,569,1090,25,1197.5
192,178,593,47,1434.44
193,1476,1363,96,3876.4800000000005
194,1227,576,67,3224.04
195,1408,71,90,6043.500000000001
196,920,1129,22,1301.08
197,688,1205,39,2770.17
198,624,1070,19,1412.46
199,569,760,89,8629.439999999999
200,977,560,70,2154.6
201,723,1,31,1325.56
202,1418,5,98,4610.9
203,220,679,13,1219.01
204,814,271,87,7103.55
205,277,377,44,4042.72
206,327,1318,78,4268.16
207,262,512,77,3568.1800000000003
208,1458,162,86,5291.58
209,357,734,50,1653.5
210,930,1018,12,758.88
211,650,1391,37,2005.03
212,1032,508,30,1744.2
213,1339,833,82,4471.46
214,239,1258,35,1205.05
215,278,860,2,80.04
216,1010,1041,98,3300.64
217,210,494,23,1548.36
218,1231,741,16,1170.72
219,1479,676,5,313.75
220,48,1213,11,1025.53
221,1012,1496,10,620.0
222,338,1002,33,2721.5099999999998
223,336,538,30,2820.3
224,1231,16,34,1205.3000000000002
225,1143,991,57,4027.62
226,963,1110,8,414.08
227,1082,965,57,5053.62
228,743,798,91,7195.369999999999
229,910,844,88,8322.16
230,1289,1296,67,6480.24
231,44,351,15,1240.5
232,1354,161,45,3412.8
233,375,1084,90,6165.900000000001
234,88,1125,26,1445.08
235,589,1217,80,2866.3999999999996
236,203,748,68,3394.56
237,1003,917,54,3242.7
238,995,487,41,1928.23
239,772,50,59,4417.33
240,530,1065,89,8670.380000000001
241,662,1047,34,3308.8799999999997
242,80,242,24,2231.04
243,358,122,1,78.59
244,333,1466,15,772.8000000000001
245,167,1302,55,1921.15
246,672,464,10,658.6
247,489,264,75,5208.75
248,74,1478,43,3189.7400000000002
249,1039,502,69,3386.52
250,882,297,93,4633.26
251,850,1066,57,1967.64
252,909,1368,39,1595.1
253,1121,811,34,3376.54
254,1082,679,17,940.0999999999999
255,762,74,94,4183.0
256,252,789,80,3485.6
257,1128,1266,47,3390.1099999999997
258,907,1462,40,1855.6
259,329,814,26,1021.54
260,73,1025,92,7578.040000000001
261,165,712,97,9000.630000000001
262,749,1224,81,5656.23
263,14,111,51,4229.94
264,549,977,86,7965.320000000001
265,90,563,61,3349.5099999999998
266,735,229,29,1119.4
267,485,34,12,1057.56
268,618,255,1,99.08
269,7,100,78,6332.040000000001
270,470,1096,73,7030.63
271,334,395,8,459.12
272,4,440,88,5874.0
273,645,364,70,2178.4
274,33,201,61,1904.4199999999998
275,511,1044,11,854.48
276,991,811,70,3031.0
277,11,1285,33,1230.57
278,1096,601,90,6038.1
279,511,320,65,2442.05
280,1401,560,43,1357.08
281,584,715,14,1132.74
282,41,812,96,6093.12
283,118,572,64,4247.68
284,511,976,19,1492.45
285,1191,138,49,1787.03
286,1088,241,19,801.23
287,1185,513,61,4879.389999999999
288,777,1450,55,2155.45
289,1195,963,5,199.0
290,1462,820,13,1121.8999999999999
291,1017,829,16,912.8
292,1454,1146,62,3742.94
293,524,19,26,1621.88
294,1393,1149,33,1948.32
295,889,1077,88,4781.04
296,327,732,50,3657.0
297,643,913,18,842.58
298,1030,370,54,1912.68
299,963,378,76,6653.040000000001
300,227,252,15,1250.5500000000002
301,665,550,50,1603.0
302,762,129,87,2737.89
303,1191,1489,98,9798.04
304,467,233,42,3518.76
305,146,1189,9,756.0
306,19,392,88,8637.2
307,662,1308,53,5165.91
308,1230,384,70,4238.5
309,436,493,69,2412.2400000000002
310,1036,1371,24,1178.8799999999999
311,961,1415,77,3631.3199999999997
312,645,1072,55,3538.7000000000003
313,793,422,61,3900.3399999999997
314,302,1357,13,603.85
315,81,411,56,2476.8799999999997
316,977,1202,20,1622.6
317,66,371,38,2131.04
318,1005,226,38,3719.4399999999996
319,696,1292,99,6045.93
320,829,621,8,257.44
321,1126,1427,11,1065.9
322,1026,746,65,5358.599999999999
323,921,321,20,1842.6
324,1041,1139,53,3392.53
325,953,957,78,3415.62
326,867,1223,87,4107.27
327,780,600,79,7486.83
328,124,68,49,4054.2599999999998
329,1365,757,24,1378.56
330,284,261,96,3467.5199999999995
331,706,878,67,5931.51
332,302,926,20,762.0
333,366,1446,75,6657.75
334,150,165,78,6024.719999999999
335,1473,640,66,3402.96
336,854,394,94,3488.34
337,1331,1186,58,3357.04
338,1259,1108,83,6443.29
339,1088,1000,71,6694.59
340,1128,151,88,6502.32
341,1352,1108,13,683.28
342,1076,490,74,6281.86
343,1194,1357,20,793.1999999999999
344,1018,860,12,794.04
345,67,586,22,1803.34
346,1114,908,53,3769.36
347,1036,1011,51,3776.0400000000004
348,851,975,74,6925.66
349,33,442,47,1549.1200000000001
350,1437,1067,58,2181.38
351,182,438,30,2338.2
352,1043,539,96,7565.76
353,22,1500,94,5484.900000000001
354,211,1238,17,716.55
355,636,332,23,862.96
356,322,1140,4,285.64
357,768,1022,88,5307.280000000001
358,397,535,93,4643.49
359,1194,1142,80,7164.0
360,261,1479,3,229.14
361,47,1351,59,4503.47
362,463,817,99,7500.240000000001
363,1431,79,27,912.8700000000001
364,1380,1372,41,1976.2
365,427,1369,35,1232.7
366,495,824,9,794.79
367,441,99,97,4874.25
368,1260,1321,46,1523.52
369,81,1299,91,5253.429999999999
370,136,129,32,2374.08
371,1211,209,49,4736.34
372,112,432,87,7332.36
373,926,292,56,2459.52
374,168,34,73,3174.77
375,1421,1058,5,433.7
376,915,361,70,3376.8
377,64,1156,86,6685.639999999999
378,1098,952,60,5344.2
379,365,169,96,5656.32
380,144,1062,76,4468.04
381,1304,999,86,6829.259999999999
382,744,243,12,450.96
383,1354,986,87,7404.57
384,401,587,73,5144.3099999999995
385,1446,1385,62,3872.52
386,540,493,77,4973.43
387,650,1141,16,1375.68
388,1240,50,97,2967.23
389,100,852,44,1361.3600000000001
390,892,586,43,2855.6299999999997
391,645,1003,38,3693.9799999999996
392,214,843,40,1837.2
393,460,315,6,186.48
394,831,795,8,588.64
395,996,1466,16,591.84
396,382,1328,21,1215.69
397,374,597,18,596.52
398,1411,92,81,6976.53
399,1251,1374,6,447.54
400,794,964,71,6572.469999999999
401,521,1275,48,1622.88
402,254,720,53,3235.12
403,225,846,18,850.32
404,1061,625,50,2514.5
405,931,413,34,1656.48
406,165,258,97,5312.6900000000005
407,1067,1170,30,1812.0
408,126,1132,30,2168.4
409,469,396,47,3823.45
410,335,537,77,4474.47
411,92,796,69,2497.8
412,712,1113,18,749.6999999999999
413,932,979,92,8848.560000000001
414,83,473,75,2274.75
415,522,85,10,909.2
416,1050,929,8,395.04
417,1408,812,46,3031.4
418,277,1169,90,7216.200000000001
419,1277,196,59,2593.05
420,1095,314,67,4612.95
421,64,54,2,74.36
422,158,1190,56,4034.2400000000002
423,960,253,86,4218.3
424,235,1008,45,3703.5
425,1114,1413,84,5333.16
426,1040,856,78,2494.44
427,1246,430,28,1542.8
428,687,1345,68,2647.92
429,173,1165,19,1228.54
430,1118,1393,42,1909.32
431,20,779,34,1464.04
432,238,1257,58,4410.9
433,847,1217,34,1271.26
434,1158,1181,94,3569.18
435,1275,1226,34,2989.96
436,1026,935,5,290.59999999999997
437,668,351,9,502.65000000000003
438,758,409,78,3399.24
439,362,1249,49,2371.11
440,361,273,74,4687.16
441,1167,316,40,3102.0
442,334,637,72,2887.2000000000003
443,1478,1166,17,922.08
444,1078,326,5,225.35
445,847,1297,41,3109.44
446,883,142,19,1694.04
447,926,253,8,284.0
448,480,374,4,348.72
449,1055,895,15,830.55
450,1291,1271,13,787.93
451,480,1385,88,3293.84
452,464,874,61,2262.4900000000002
453,273,1312,39,1494.87
454,1340,1391,31,2232.93
455,846,939,59,3710.51
456,1248,962,32,3184.0
457,1191,1195,82,2915.1
458,1456,902,2,132.7
459,261,1149,20,1201.4
460,1408,1365,58,3488.12
461,997,321,66,3649.14
462,1304,1167,17,630.7
463,516,327,89,5341.780000000001
464,262,451,39,1205.49
465,1009,490,42,2945.04
466,585,203,64,3059.84
467,1318,937,78,3623.88
468,902,346,49,3706.8500000000004
469,1031,1009,90,4216.5
470,171,855,18,603.72
471,1359,6,86,3737.56
472,1318,1305,42,1931.5800000000002
473,218,831,26,2374.06
474,82,845,85,5131.45
475,1460,940,52,2553.2000000000003
476,398,878,28,1633.8
477,582,1396,75,6474.75
478,436,138,76,4098.68
479,125,1416,34,3249.3799999999997
480,508,211,93,5820.87
481,888,1145,76,2543.72
482,986,1075,99,5492.5199999999995
483,485,57,17,1474.75
484,1473,1163,58,3108.8
485,221,159,13,911.1700000000001
486,317,865,62,1939.98
487,131,807,87,5300.04
488,517,386,7,385.77
489,1443,501,45,4131.9
490,978,145,32,2954.56
491,1081,1457,10,722.8
492,642,113,24,1962.96
493,1225,824,23,1723.8500000000001
494,1254,493,28,2251.76
495,866,1364,30,1140.6000000000001
496,290,7,99,6178.589999999999
497,254,465,12,938.76
498,294,1111,51,4089.1800000000003
499,672,741,65,4753.45
500,158,1029,31,1944.32
501,1363,903,88,8150.56
502,619,169,22,717.86
503,335,802,97,2999.2400000000002
504,272,512,85,4324.8
505,739,1083,13,825.76
506,107,1337,31,1628.43
507,22,536,98,4633.4400000000005
508,883,793,9,279.63
509,224,1152,69,2771.04
510,268,1025,13,1218.36
511,1078,798,21,1002.12
512,753,1420,64,5096.32
513,547,318,9,490.95
514,994,756,35,3162.25
515,1276,1155,53,4418.08
516,1205,649,46,4495.58
517,1298,995,83,2856.0299999999997
518,86,124,21,1754.9699999999998
519,527,689,78,7532.459999999999
520,753,1351,62,4273.04
521,1498,992,74,4533.24
522,357,1412,87,3332.1
523,9,1304,2,190.78
524,10,1128,68,3967.1200000000003
525,993,1499,86,2784.6800000000003
526,1426,38,11,818.4000000000001
527,815,955,7,576.31
528,805,1221,45,1561.05
529,1164,1064,37,1273.54
530,290,285,66,2918.52
531,526,1303,48,3991.68
532,803,74,97,6273.960000000001
533,1313,140,21,1185.66
534,121,636,72,5835.599999999999
535,1059,321,20,1414.6000000000001
536,768,861,25,1545.25
537,1197,1307,44,2835.3599999999997
538,569,753,38,2141.3
539,504,1080,24,2247.36
540,770,1057,60,5616.0
541,1045,433,41,3116.4100000000003
542,762,1423,12,532.8
543,453,450,90,8403.300000000001
544,577,812,89,8079.42
545,167,292,46,3395.72
546,402,171,36,2693.16
547,387,146,65,3299.4
548,1235,733,77,2576.42
549,821,31,62,2280.36
550,1360,1189,13,540.8000000000001
551,998,756,61,5698.01
552,12,589,37,3478.74
553,1432,773,33,2397.12
554,1163,676,68,4020.84
555,694,1474,42,2409.12
556,391,704,39,2000.6999999999998
557,930,907,42,2533.44
558,28,1019,39,3041.2200000000003
559,874,1106,65,5882.5
560,1388,588,79,5154.75
561,567,520,19,1783.7199999999998
562,1368,1098,24,1496.4
563,138,140,47,2022.8799999999999
564,1037,113,8,745.44
565,864,435,89,4870.08
566,931,586,52,2463.24
567,869,556,2,144.02
568,1143,320,69,5738.04
569,1119,662,56,3946.3199999999997
570,875,177,75,2994.0
571,1413,167,78,6338.280000000001
572,773,1289,57,3349.8900000000003
573,1117,1162,16,687.52
574,406,1342,94,7162.8
575,493,1278,89,6579.77
576,1355,1183,42,4084.5
577,639,232,2,159.82
578,1180,1239,35,2508.1
579,590,655,69,3839.85
580,271,373,19,953.99
581,447,1347,84,2768.64
582,725,777,52,3144.44
583,526,353,41,2138.9700000000003
584,1220,1054,55,3780.15
585,1179,963,85,5229.2
586,699,1311,80,3189.6
587,1400,639,27,1926.4499999999998
588,128,922,61,2521.13
589,1163,737,45,2824.2
590,147,377,98,3525.06
591,795,339,56,4031.4399999999996
592,500,440,44,4370.96
593,116,753,61,5373.49
594,1084,838,54,2970.0
595,1294,1162,94,5123.94
596,748,414,75,2901.0
597,619,461,5,408.29999999999995
598,141,987,6,219.89999999999998
599,642,329,91,8468.460000000001
600,11,425,92,6451.959999999999
601,1126,905,36,1328.04
602,1264,1450,24,1655.52
603,1227,1423,63,5329.17
604,1402,729,39,2388.75
605,191,1132,18,1259.28
606,625,166,2,172.12
607,236,1024,35,2142.7
608,209,1373,52,3516.7599999999998
609,630,683,1,91.58
610,933,446,40,2230.8
611,322,35,54,2655.72
612,3,1090,34,1827.5
613,342,997,15,1374.0
614,113,335,1,94.92
615,466,516,61,5872.469999999999
616,809,197,3,292.95000000000005
617,318,263,38,1895.82
618,1482,648,45,3257.1
619,294,159,19,1278.89
620,427,1076,35,2108.75
621,246,172,16,619.52
622,1223,244,90,5271.3
623,527,788,83,5991.7699999999995
624,480,290,13,843.8299999999999
625,1485,773,14,1166.76
626,1031,1364,57,2958.2999999999997
627,1167,311,88,7861.04
628,948,1399,89,3752.24
629,151,265,28,1059.24
630,1046,1479,55,4808.1
631,1152,1231,41,2370.62
632,629,301,30,1164.6
633,909,276,65,5939.05
634,58,750,38,2402.36
635,1199,768,16,925.12
636,1204,1476,61,2070.3399999999997
637,522,844,27,1255.5
638,120,94,12,572.28
639,1185,438,23,2277.0
640,1391,78,43,1783.21
641,227,1009,12,665.16
642,819,778,73,4149.320000000001
643,1249,1068,53,4644.92
644,98,796,92,4513.52
645,345,433,65,4438.2
646,722,1148,45,1511.5500000000002
647,239,647,42,3613.6800000000003
648,893,137,84,3972.36
649,143,170,6,330.18
650,969,113,46,4460.16
651,1188,475,55,2626.7999999999997
652,534,507,39,2223.78
653,53,1063,14,711.1999999999999
654,1300,1358,86,5037.02
655,158,831,3,137.79
656,1222,391,1,56.97
657,1019,472,61,5463.7699999999995
658,1111,1277,42,1670.76
659,1051,209,55,2110.35
660,615,73,22,1233.98
661,1127,1358,21,758.94
662,742,72,12,386.64
663,96,1357,41,2752.33
664,442,491,91,7339.150000000001
665,995,1252,48,2318.3999999999996
666,267,418,18,986.4
667,46,770,43,4118.97
668,477,1264,51,3199.7400000000002
669,383,315,14,731.64
670,543,1162,92,4053.5200000000004
671,613,451,67,4422.67
672,1435,752,86,5762.0
673,1084,1173,68,6125.44
674,706,1368,72,4883.76
675,1412,102,95,9155.15
676,444,1457,14,672.6999999999999
677,350,377,59,2311.03
678,896,1178,47,1817.0199999999998
679,17,961,84,5859.84
680,31,1197,53,4072.52
681,328,705,34,1630.64
682,1438,1275,96,3696.96
683,1282,790,62,3261.2000000000003
684,1120,30,32,2252.16
685,1355,739,62,5491.96
686,368,1371,50,2665.0
687,1253,511,45,1529.5500000000002
688,349,35,47,3598.7899999999995
689,1296,746,98,6187.72
690,1066,124,63,2446.92
691,47,16,31,2738.85
692,397,1149,50,3429.9999999999995
693,484,354,62,4663.0199999999995
694,632,791,66,2280.2999999999997
695,360,717,61,2221.0099999999998
696,1278,1275,22,1062.8200000000002
697,970,396,7,604.87
698,1280,511,8,522.0
699,617,269,88,5323.12
700,1229,1095,43,3384.5299999999997
701,593,1041,66,2649.2400000000002
702,83,1412,67,5223.32
703,97,1030,53,2141.73
704,871,1144,9,503.82
705,102,335,82,6716.62
706,408,1276,50,4466.0
707,861,789,86,5950.34
708,1152,297,38,2651.2599999999998
709,447,130,37,2918.93
710,69,386,25,1262.0
711,356,1449,9,834.21
712,784,498,3,107.46000000000001
713,1340,1269,43,4257.86
714,1050,1136,71,3094.18
715,730,273,23,2173.5
716,379,185,66,4146.78
717,358,985,68,4327.52
718,1071,669,93,3608.3999999999996
719,167,174,63,2799.72
720,1086,478,74,4281.64
721,298,26,14,1284.78
722,679,226,22,795.74
723,602,605,23,1541.23
724,770,930,1,72.39
725,274,1295,65,3068.0
726,428,276,97,4539.599999999999
727,359,1267,67,3589.8599999999997
728,1036,1094,62,5267.5199999999995
729,244,44,26,1595.1000000000001
730,862,101,29,992.38
731,1154,1047,21,1299.8999999999999
732,1335,474,43,2699.97
733,1380,386,50,1775.5
734,766,1356,4,264.28
735,1038,956,28,2668.1200000000003
736,955,310,27,2386.8
737,631,1346,56,3071.04
738,1283,738,61,5216.719999999999
739,1453,1496,51,2918.22
740,817,1138,34,1909.1
741,81,407,83,3278.5
742,173,20,17,1552.1
743,11,632,39,2421.12
744,513,373,46,4237.98
745,1324,171,29,2605.94
746,1053,405,62,4033.7200000000003
747,64,917,71,2215.91
748,667,1110,90,8577.9
749,971,1330,83,7363.76
750,1216,1062,71,7041.780000000001
751,972,1439,31,2373.36
752,235,615,45,2279.25
753,956,759,65,5610.150000000001
754,1259,91,59,5045.09
755,1486,1219,18,1256.22
756,1431,1145,42,1998.7800000000002
757,484,697,42,3912.72
758,711,179,5,416.9
759,803,864,31,3053.19
760,1479,406,63,5483.52
761,405,1073,68,5913.96
762,368,181,52,2287.48
763,67,181,83,3919.2599999999998
764,485,130,8,248.88
765,1271,1495,76,6558.8
766,625,372,16,1172.8
767,1259,1446,13,1038.83
768,737,763,35,2803.85
769,1098,137,34,2663.22
770,1055,589,85,6737.95
771,13,371,70,5507.6
772,446,384,9,658.35
773,1289,944,31,2947.48
774,934,342,67,6550.59
775,1345,453,32,3125.44
776,493,772,46,1882.3200000000002
777,1108,866,22,703.78
778,1411,1015,53,5193.469999999999
779,365,391,23,1079.62
780,309,514,5,446.1
781,696,623,11,583.4399999999999
782,762,448,7,461.65000000000003
783,199,1104,47,3775.0399999999995
784,660,49,77,2969.1200000000003
785,829,162,97,5117.72
786,1400,1119,78,2691.0
787,17,1397,41,3649.8199999999997
788,1323,1436,55,3765.2999999999997
789,1138,170,39,3143.3999999999996
790,587,1238,44,2304.2799999999997
791,790,759,8,421.68
792,1127,372,74,3502.42
793,18,767,15,1056.1499999999999
794,1066,998,29,2312.17
795,576,1430,33,1676.73
796,1059,1117,17,799.8499999999999
797,213,1018,86,3833.8799999999997
798,334,770,59,3108.71
799,563,433,92,7712.36
800,1399,888,96,3608.6400000000003
801,984,92,65,1968.2
802,435,688,36,2355.12
803,925,286,62,5208.62
804,457,578,65,5677.1
805,254,1126,8,466.56
806,477,210,14,974.3999999999999
807,1152,505,4,383.24
808,174,20,3,208.68
809,1424,878,54,1990.44
810,815,975,21,1021.8599999999999
811,987,507,95,4504.900000000001
812,1243,1432,31,936.51
813,916,1020,56,4908.96
814,1002,669,9,538.65
815,350,1072,44,1699.72
816,1271,521,9,824.85
817,469,851,87,7259.28
818,1436,81,5,261.95
819,699,1496,55,4563.900000000001
820,34,312,54,2171.88
821,463,992,99,8962.47
822,1496,545,17,1267.18
823,672,617,76,6477.4800000000005
824,436,836,90,5648.4
825,1298,930,1,63.38
826,1362,1499,11,393.79999999999995
827,803,839,25,1431.5
828,32,1020,55,2591.05
829,1123,290,87,4890.27
830,515,817,99,8425.89
831,823,1148,2,111.16
832,232,275,33,1138.17
833,1251,1351,89,7555.21
834,109,158,71,5775.14
835,548,86,58,5067.46
836,981,136,64,5459.84
837,457,1071,22,949.08
838,1241,729,42,2420.88
839,1474,1086,97,9156.800000000001
840,1347,234,76,3573.5200000000004
841,1406,354,67,3391.54
842,1035,788,78,4960.02
843,883,1355,64,4696.96
844,1491,148,58,5454.320000000001
845,70,1212,98,9691.22
846,412,302,18,679.68
847,905,371,91,4492.67
848,992,1053,58,1962.1399999999999
849,1174,252,93,5544.66
850,1423,995,65,5898.75
851,1344,142,85,8219.5
852,723,342,10,581.7
853,719,3,38,1168.88
854,948,1361,56,3536.4
855,1423,544,41,3429.65
856,326,105,22,2163.04
857,1194,664,45,3344.3999999999996
858,476,702,14,521.9200000000001
859,914,72,81,7575.12
860,29,646,38,1808.04
861,1217,80,30,2399.4
862,22,811,75,2729.25
863,560,365,7,271.74
864,345,1374,11,786.39
865,1170,1394,90,8962.2
866,1252,99,58,4865.62
867,1194,172,28,2639.56
868,940,1226,80,3439.2000000000003
869,1101,1327,86,7134.5599999999995
870,1367,1223,15,1053.6
871,1266,1125,1,71.79
872,306,1080,16,986.72
873,683,131,61,3538.6099999999997
874,527,115,8,745.36
875,1140,1005,55,5131.5
876,1258,699,1,90.77
877,609,854,21,893.13
878,368,996,27,2272.3199999999997
879,1134,1246,84,2535.12
880,355,871,57,3236.46
881,529,1094,16,1227.2
882,585,834,92,4848.400000000001
883,1402,1419,43,2715.8799999999997
884,970,867,57,3126.4500000000003
885,1436,890,99,7898.22
886,531,1113,85,7744.35
887,1296,590,86,5705.240000000001
888,922,636,72,6003.36
889,665,1235,42,1562.82
890,579,811,92,6262.44
891,72,513,10,561.3000000000001
892,352,748,39,3462.42
893,75,1325,55,4084.3
894,697,1150,99,8545.679999999998
895,913,859,95,6420.099999999999
896,27,294,35,2896.25
897,611,903,53,5069.98
898,492,74,73,5781.6
899,1353,903,69,4919.01
900,1423,1214,99,3636.2699999999995
901,366,126,17,1674.16
902,275,1042,71,3878.02
903,1253,142,6,446.46
904,1136,390,11,345.73
905,1241,209,58,4084.9400000000005
906,150,1309,68,5539.28
907,447,626,98,3878.8399999999997
908,422,1009,6,228.84
909,268,753,30,1104.3000000000002
910,545,468,70,2795.1
911,715,760,46,2894.32
912,178,139,54,2743.2
913,267,1042,23,878.83
914,387,1348,87,4782.39
915,59,300,8,330.32
916,230,191,66,4627.92
917,864,341,55,5249.75
918,821,1346,23,1725.69
919,765,631,57,4130.219999999999
920,1481,233,82,8143.42
921,1179,738,90,5886.9
922,776,523,42,3963.96
923,691,1187,7,238.28
924,1143,71,92,8850.4
925,1287,568,54,2714.5800000000004
926,547,1090,94,5734.0
927,558,926,24,1770.96
928,194,424,19,598.31
929,1179,319,22,1259.5
930,332,642,79,6654.96
931,424,187,80,6972.799999999999
932,462,269,95,8921.449999999999
933,1421,1102,18,1610.46
934,432,406,79,3521.8199999999997
935,465,1135,83,5055.53
936,1201,674,82,4693.68
937,1172,212,64,2409.6
938,1055,1347,89,8224.49
939,798,320,29,894.6500000000001
940,648,798,64,3654.4
941,281,1372,17,1530.0
942,584,1432,25,992.75
943,1124,167,90,8221.5
944,114,1186,86,8070.240000000001
945,805,672,94,6605.379999999999
946,396,421,65,5607.55
947,810,1331,17,1650.36
948,23,724,32,2326.4
949,1042,691,34,1459.62
950,461,1438,94,5509.34
951,552,1241,24,1952.88
952,625,747,29,1695.34
953,1068,1392,12,1131.3600000000001
954,367,693,33,1798.17
955,830,1446,60,2500.8
956,648,150,69,3217.4700000000003
957,54,892,86,6206.62
958,1153,918,96,6289.92
959,419,1049,5,470.05
960,1052,30,60,2793.6000000000004
961,498,732,62,5964.400000000001
962,855,1172,15,637.1999999999999
963,129,414,74,2861.58
964,200,302,84,4467.12
965,475,760,50,2503.5
966,902,281,22,1566.62
967,356,1370,64,5094.4
968,153,1497,55,1817.7499999999998
969,223,227,29,2180.2200000000003
970,775,1327,71,5038.87
971,697,1342,66,4990.26
972,198,182,32,969.28
973,1473,282,27,2631.69
974,139,638,62,3663.5800000000004
975,559,1461,85,2797.35
976,1380,1237,60,3351.0
977,358,638,19,957.6
978,363,1134,30,2657.1
979,673,424,1,96.61
980,1184,1015,2,89.92
981,438,129,71,6716.599999999999
982,598,713,79,3249.27
983,782,1064,2,126.48
984,243,879,56,4620.56
985,628,276,79,3169.48
986,175,722,96,3776.6400000000003
987,97,13,44,4109.6
988,441,763,70,5357.1
989,1451,1284,41,4034.81
990,1465,329,22,1825.5600000000002
991,1120,471,44,4220.4800000000005
992,1436,1182,94,7730.5599999999995
993,1184,467,95,4892.5
994,468,125,85,5142.5
995,646,103,94,7632.8
996,1060,1378,23,918.6199999999999
997,1480,254,43,3730.6800000000003
998,398,1380,54,3844.2599999999998
999,937,1316,79,7517.639999999999
1000,1262,821,99,7842.78
1001,539,528,49,4276.23
1002,368,662,96,5890.5599999999995
1003,779,726,8,474.4
1004,839,510,59,3964.21
1005,1361,340,5,415.7
1006,1224,1025,66,2169.4199999999996
1007,622,130,58,5537.84
1008,1333,588,33,2588.52
1009,688,376,35,1607.55
1010,61,1438,26,1396.46
1011,444,83,95,7365.35
1012,1373,933,31,2652.0499999999997
1013,465,256,80,3809.6
1014,539,1309,13,619.4499999999999
1015,545,475,35,1949.5
1016,384,1103,58,5609.179999999999
1017,1042,590,70,4736.900000000001
1018,1365,436,65,4720.95
1019,643,54,7,669.48
1020,1034,1438,6,585.48
1021,599,949,16,864.48
1022,404,86,52,3484.0
1023,114,868,32,2786.56
1024,638,252,52,4711.72
1025,813,358,35,2383.85
1026,975,1365,83,7774.610000000001
1027,721,824,33,3169.32
1028,777,123,4,280.0
1029,586,689,63,2629.6200000000003
1030,243,820,45,1956.1499999999999
1031,1003,1098,25,913.25
1032,204,973,74,7017.42
1033,1092,1002,61,4468.860000000001
1034,482,32,88,5962.0
1035,315,606,91,8743.28
1036,1132,731,64,5061.12
1037,875,1343,39,2437.5
1038,482,867,29,1943.0
1039,1471,8,90,7955.1
1040,506,1120,45,1478.25
1041,85,1067,2,168.52
1042,605,279,11,795.74
1043,1364,1019,94,4109.68
1044,1048,840,1,44.52
1045,236,595,40,3608.8
1046,1307,1305,30,2953.2
1047,1353,1415,85,7915.200000000001
1048,1003,1184,34,2461.26
1049,645,943,48,3525.12
1050,687,1248,96,3048.96
1051,317,1101,26,2293.2000000000003
1052,787,1145,4,219.04
1053,759,254,23,1811.25
1054,42,1475,2,159.9
1055,1098,342,13,500.23999999999995
1056,1018,1186,87,5918.61
1057,347,408,47,4566.05
1058,289,8,57,3200.5499999999997
1059,106,469,8,604.4
1060,1135,481,88,4734.4
1061,1449,486,11,710.27
1062,868,1481,2,129.6
1063,544,1354,55,4270.75
1064,1467,787,49,3573.57
1065,1106,808,71,4436.08
1066,116,1273,19,1163.18
1067,354,575,71,5802.12
1068,1003,723,54,5235.839999999999
1069,1466,1401,5,276.45
1070,845,1045,18,1602.36
1071,287,236,94,9319.16
1072,339,1058,57,4577.67
1073,716,475,28,1138.76
1074,189,1408,63,5220.81
1075,668,898,59,4756.58
1076,1347,849,25,963.25
1077,357,1400,66,5710.32
1078,742,106,41,3758.88
1079,1486,157,71,3302.21
1080,1457,227,21,1059.03
1081,768,682,4,290.88
1082,200,1144,48,2678.3999999999996
1083,572,1431,31,3020.3300000000004
1084,347,813,81,7404.21
1085,846,31,75,3288.75
1086,253,654,25,2369.25
1087,1212,817,49,4050.83
1088,1383,508,50,4975.5
1089,585,883,57,1891.26
1090,319,450,71,5070.11
1091,1354,462,85,7967.05
1092,157,433,59,3370.67
1093,1428,1079,44,1861.64
1094,1016,705,15,1480.35
1095,1102,1280,22,1635.48
1096,1276,1072,61,4010.75
1097,891,771,36,1685.8799999999999
1098,508,222,42,1736.2800000000002
1099,879,1365,39,3014.3100000000004
1100,618,1196,23,774.64
1101,950,699,16,1093.44
1102,1068,325,43,2429.5
1103,1085,73,76,4105.52
1104,140,433,88,3099.3599999999997
1105,1231,189,6,407.22
1106,499,871,39,1980.0300000000002
1107,803,1449,17,1597.15
1108,1454,1374,73,4774.200000000001
1109,1031,939,34,1467.78
1110,774,1196,4,280.64
1111,879,747,35,2014.95
1112,9,549,91,4725.63
1113,1127,604,27,1101.6
1114,13,128,71,5275.3
1115,480,459,45,2902.9500000000003
1116,1039,1146,38,1812.6000000000001
1117,356,1098,90,6096.599999999999
1118,690,631,48,3746.88
1119,878,1351,97,9024.880000000001
1120,390,1237,73,7031.36
1121,448,265,48,1737.12
1122,129,564,98,3474.1000000000004
1123,219,1201,30,1379.1
1124,907,88,48,2059.2
1125,344,256,53,2399.31
1126,179,879,9,322.11
1127,351,899,25,955.5
1128,15,1248,40,2558.0
1129,198,181,68,2464.32
1130,1059,340,33,1224.9599999999998
1131,955,146,32,2885.12
1132,983,787,56,2152.64
1133,1433,323,44,2610.96
1134,804,1139,43,3211.67
1135,899,450,91,8678.67
1136,1456,1062,83,2925.75
1137,1352,136,43,3926.33
1138,312,1498,10,795.5
1139,867,1116,70,6593.3
1140,539,1390,97,4515.349999999999
1141,515,1445,75,7485.75
1142,236,889,89,6233.56
1143,769,1233,44,1363.56
1144,337,1333,56,5203.52
1145,157,1075,52,5096.52
1146,18,916,88,7524.88
1147,1100,681,19,1072.36
1148,315,97,73,3966.0899999999997
1149,726,110,8,262.32
1150,336,1476,52,2009.28
1151,725,1047,73,2760.13
1152,946,1364,56,4458.16
1153,1287,538,83,3096.73
1154,1116,1317,94,3970.5600000000004
1155,819,1449,37,2252.19
1156,757,918,80,5358.400000000001
1157,206,224,48,1569.6000000000001
1158,802,625,52,3160.56
1159,1414,1238,92,5134.52
1160,245,1353,16,528.32
1161,1375,1267,96,3190.08
1162,1299,878,57,3295.17
1163,908,53,13,906.36
1164,49,493,57,1822.8600000000001
1165,1282,611,31,2550.68
1166,829,515,96,7615.68
1167,221,1003,8,552.32
1168,721,726,66,6231.72
1169,931,1436,25,2245.0
1170,1116,597,91,7943.39
1171,124,69,9,763.3799999999999
1172,342,449,2,82.82
1173,92,402,27,1706.1299999999999
1174,611,903,57,4382.16
1175,872,9,13,601.38
1176,272,1118,69,2546.79
1177,1176,1045,99,6807.240000000001
1178,154,1323,44,3520.44
1179,295,974,15,1126.5
1180,137,926,25,986.5
1181,1057,78,55,2025.6499999999999
1182,802,253,30,2636.1000000000004
1183,1254,1085,76,5554.08
1184,885,477,27,1232.28
1185,635,688,83,5682.179999999999
1186,731,580,62,2379.56
1187,1150,377,13,682.5
1188,1443,1449,46,2259.98
1189,1138,987,91,4575.4800000000005
1190,1085,469,66,5624.5199999999995
1191,1488,165,77,3988.6
1192,866,368,81,7601.849999999999
1193,1053,300,58,5512.320000000001
1194,1017,229,92,5166.719999999999
1195,559,1109,22,1140.04
1196,575,1297,63,4014.36
1197,960,201,31,2959.88
1198,1476,234,16,1020.96
1199,412,1478,37,1302.4
1200,1143,697,59,5436.26
1201,1349,961,96,3694.08
1202,477,939,75,4244.25
1203,807,768,54,1859.22
1204,1312,463,63,2361.24
1205,597,625,55,1885.95
1206,45,585,13,627.25
1207,430,1326,58,3187.68
1208,907,1316,16,1305.92
1209,376,962,30,2181.9
1210,485,1373,62,4433.0
1211,779,1330,40,3338.8
1212,1113,1281,77,6900.740000000001
1213,1208,1108,36,2369.88
1214,161,1260,1,87.59
1215,264,1438,39,1692.9899999999998
1216,834,1112,7,294.84
1217,1279,1022,91,8961.68
1218,351,682,43,2821.23
1219,582,1360,20,704.0
1220,1026,1438,81,4681.8
1221,303,1468,48,3104.16
1222,363,1352,55,4577.650000000001
1223,306,1338,37,1885.52
1224,587,574,17,737.9699999999999
1225,565,127,94,3091.66
1226,25,1381,57,4338.2699999999995
1227,827,194,58,3583.82
1228,256,917,40,1788.8
1229,731,1422,60,5044.8
1230,304,720,22,1537.14
1231,1309,438,80,2763.2
1232,1143,39,64,3119.36
1233,11,360,44,2896.52
1234,726,1020,89,6975.82
1235,1021,200,67,6541.88
1236,531,411,97,8081.070000000001
1237,408,738,88,7079.6
1238,131,1155,98,6236.72
1239,1292,745,78,6974.76
1240,59,1348,96,4008.96
1241,1254,305,40,2475.6
1242,661,280,29,1188.71
1243,291,1139,9,615.42
1244,416,832,52,2186.08
1245,1146,187,36,1711.08
1246,780,29,85,5774.9
1247,713,64,75,2568.0
1248,1344,618,38,3695.5
1249,483,299,12,1131.6
1250,649,642,69,4141.38
1251,814,1147,10,987.3000000000001
1252,207,503,70,3726.8
1253,400,988,98,5951.54
1254,1297,990,32,2512.96
1255,737,860,72,2506.32
1256,655,379,13,946.79
1257,422,177,77,3736.81
1258,199,302,97,5515.42
1259,20,1187,37,2684.35
1260,1034,1028,42,3995.46
1261,773,322,75,3256.5
1262,617,350,49,4367.37
1263,476,1085,98,3945.48
1264,461,704,86,4492.64
1265,1104,1122,22,1752.96
1266,52,760,3,97.77000000000001
1267,349,451,32,1456.96
1268,903,678,60,5061.0
1269,477,1033,64,3738.24
1270,752,346,96,6316.799999999999
1271,296,541,45,1904.85
1272,1178,1207,4,370.76
1273,1051,907,84,5688.48
1274,248,879,59,4873.4
1275,1215,576,79,6681.03
1276,393,1405,2,198.36
1277,309,1427,9,535.3199999999999
1278,1305,1218,49,2723.9100000000003
1279,843,729,64,5222.4
1280,198,190,79,7783.08
1281,499,594,8,606.08
1282,191,442,8,719.68
1283,1154,515,68,5971.08
1284,1187,749,12,429.96
1285,1380,719,14,917.6999999999999
1286,760,332,71,6500.05
1287,1341,631,30,1625.4
1288,494,1149,2,68.48
1289,983,965,49,4348.75
1290,791,298,29,2758.77
1291,180,997,71,5155.31
1292,71,1137,56,3626.0
1293,68,826,79,3376.46
1294,1491,1239,27,1957.2299999999998
1295,1033,1400,4,379.16
1296,450,1457,52,3994.12
1297,229,55,60,5679.0
1298,20,1333,58,2835.62
1299,1296,1452,11,767.14
1300,488,10,58,3446.94
1301,1441,1129,47,2065.18
1302,1437,390,74,5606.240000000001
1303,1054,652,55,4763.55
1304,7,476,94,4879.54
1305,377,1446,12,1179.48
1306,1169,289,99,9825.75
1307,514,683,10,308.9
1308,326,1042,97,8102.41
1309,1086,147,28,2302.16
1310,643,768,47,4219.66
1311,465,597,94,4469.7
1312,67,655,26,2293.98
1313,1271,1265,22,1613.6999999999998
1314,417,778,10,593.9
1315,756,798,67,4826.68
1316,482,281,28,1800.9599999999998
1317,160,254,61,2763.9100000000003
1318,1464,902,79,6505.65
1319,1072,598,55,4127.200000000001
1320,813,399,75,7314.75
1321,72,993,23,943.0
1322,1325,641,67,2444.83
1323,1492,1457,76,3109.92
1324,265,1128,5,307.75
1325,1172,148,33,1767.1499999999999
1326,635,1170,80,7704.0
1327,57,696,30,1309.2
1328,637,414,37,2044.62
1329,956,1354,95,8106.349999999999
1330,818,1272,40,3617.6
1331,682,1043,8,625.52
1332,256,757,91,5219.76
1333,473,133,19,899.84
1334,496,266,9,716.67
1335,924,1110,57,4192.349999999999
1336,508,412,2,93.98
1337,1251,1027,26,884.26
1338,425,865,24,2260.32
1339,1126,1374,90,3745.7999999999997
1340,1063,1133,19,1170.97
1341,902,159,40,3664.8
1342,448,975,58,4194.5599999999995
1343,1426,948,70,4267.9
1344,616,1429,23,1957.0700000000002
1345,32,1355,11,1045.8799999999999
1346,15,226,46,1527.2
1347,629,1156,89,4684.070000000001
1348,207,1013,96,4087.68
1349,909,607,41,3448.5099999999998
1350,664,1069,66,3389.7599999999998
1351,822,202,94,8468.460000000001
1352,725,349,34,2731.22
1353,969,1351,74,3122.06
1354,285,227,3,230.43
1355,328,1275,29,1217.71
1356,1294,112,7,399.0
1357,557,477,27,1333.8
1358,1343,597,73,4575.64
1359,763,625,78,6093.360000000001
1360,297,598,23,2042.63
1361,487,259,62,3216.56
1362,1311,502,13,771.68
1363,1025,1363,88,6281.44
1364,1142,803,8,706.32
1365,90,575,91,7193.55
1366,1345,1314,95,6783.000000000001
1367,1161,586,40,2413.6000000000004
1368,1275,383,81,6083.91
1369,544,1130,50,2110.0
1370,1318,659,91,3114.02
1371,1402,40,23,2098.75
1372,1227,303,90,5811.299999999999
1373,66,548,7,425.25
1374,547,1044,87,3329.4900000000002
1375,1146,986,48,4377.6
1376,596,985,61,2544.92
1377,31,1365,88,6636.08
1378,764,194,84,3867.36
1379,929,357,34,2712.18
1380,40,553,74,6119.8
1381,1030,719,19,671.46
1382,1113,437,15,1369.65
1383,309,706,97,8272.16
1384,1113,614,50,1960.5
1385,56,905,31,2281.29
1386,556,524,21,882.4200000000001
1387,211,480,52,4087.2
1388,633,82,30,1930.2
1389,973,187,80,4101.6
1390,137,400,79,4612.81
1391,1470,797,3,94.94999999999999
1392,27,78,95,3535.9
1393,1193,773,62,5320.839999999999
1394,884,677,40,2660.0
1395,257,422,15,715.65
1396,423,792,20,1352.4
1397,282,1130,47,2855.25
1398,1361,420,75,4500.75
1399,983,1411,86,5263.2
1400,511,1152,47,3095.8900000000003
1401,1276,1399,33,1505.4599999999998
1402,1263,789,19,1152.54
1403,1293,1162,5,426.25
1404,192,1301,82,7201.24
1405,860,366,66,5435.76
1406,935,539,79,5759.1
1407,1057,78,33,1040.82
1408,1032,1085,7,655.41
1409,317,175,75,5117.25
1410,739,421,37,2554.85
1411,342,217,78,5720.52
1412,424,244,69,5555.88
1413,349,585,41,2290.2599999999998
1414,1027,669,35,2365.2999999999997
1415,565,391,38,1818.3
1416,158,381,72,5951.5199999999995
1417,1378,1189,47,4550.07
1418,973,1315,45,3809.7
1419,926,71,2,109.96
1420,344,714,30,934.8
1421,1141,1083,64,3200.0
1422,1438,1451,93,5865.51
1423,990,989,49,4362.47
1424,1098,1478,5,159.5
1425,687,712,30,2939.7
1426,154,63,77,6839.91
1427,928,214,82,7416.900000000001
1428,3,391,10,930.4000000000001
1429,1420,1428,72,5883.84
1430,156,48,75,7185.75
1431,607,1012,7,517.93
1432,1017,671,93,7816.65
1433,1158,341,58,2428.46
1434,874,94,15,680.7
1435,375,263,95,7631.349999999999
1436,375,1319,37,2965.92
1437,597,266,35,1262.45
1438,1114,931,89,6032.42
1439,499,182,3,226.11
1440,141,1032,97,4042.96
1441,353,202,73,4705.58
1442,690,55,47,2317.57
1443,537,935,33,1109.4599999999998
1444,978,1147,44,1530.76
1445,391,360,94,7741.84
1446,1484,155,37,3140.56
1447,505,800,84,5881.679999999999
1448,157,1055,93,6112.89
1449,792,90,25,1702.4999999999998
1450,326,1362,67,4212.29
1451,147,467,43,2650.95
1452,9,375,61,5141.08
1453,528,465,66,5541.36
1454,932,1484,64,2867.2
1455,386,665,52,3360.7599999999998
1456,465,487,53,4491.75
1457,1427,403,55,4721.75
1458,194,1178,55,1778.1499999999999
1459,413,501,22,1176.78
1460,382,32,27,1951.0200000000002
1461,420,140,77,6318.62
1462,1414,818,10,472.1
1463,403,402,82,5495.639999999999
1464,274,315,79,6613.089999999999
1465,1370,785,55,4346.099999999999
1466,1115,204,17,712.64
1467,1206,690,52,3011.84
1468,1474,1215,21,814.8
1469,67,579,87,8134.5
1470,534,55,67,6263.83
1471,1271,458,1,83.62
1472,1182,1213,13,672.75
1473,867,181,61,1873.9199999999998
1474,412,1450,16,1592.32
1475,1463,221,82,5841.679999999999
1476,1165,1200,84,3976.5600000000004
1477,1389,379,23,1193.24
1478,941,1351,9,316.89
1479,4,394,69,3652.17
1480,1112,653,22,1012.0
1481,405,1198,20,1203.8
1482,200,1336,7,440.16
1483,1137,1354,55,2897.95
1484,70,1244,48,3429.6000000000004
1485,842,1211,89,6967.81
1486,533,1485,59,1931.66
1487,945,331,62,4112.46
1488,5,140,16,631.52
1489,1472,522,32,1032.64
1490,132,1478,62,3847.1
1491,1160,569,32,1914.56
1492,1092,384,76,3226.2000000000003
1493,169,916,34,1907.74
1494,862,1007,87,3924.57
1495,248,91,4,182.96
1496,1338,1117,1,95.05
1497,1432,272,39,1238.64
1498,1329,137,77,5558.63
1499,1367,1193,27,2457.0
1500,292,101,85,7118.75
